athlete_1000_4.csv,4,0.50,100.00,1364.29,0.05,745.54,1,231.00,169.20,303.00,296.80
census_1000_4.csv,4,0.49,100.00,3671.76,0.01,244.78,1,258.40,247.20,248.20,246.20
Spanish_1000_4.csv,4,0.49,100.00,3055.33,0.01,445.11,1,256.20,269.80,239.40,234.60
student_1000_4.csv,4,0.48,100.00,824.47,0.01,389.69,1,49.60,380.80,292.40,277.20
insurance_1000_4.csv,4,0.48,100.00,4097.01,0.01,535.50,1,250.80,247.60,245.40,256.20
BreastCancerMETABRIC_1000_4.csv,4,0.48,100.00,13436.17,0.01,440.37,1,250.60,243.40,249.00,257.00
diabetic_1000_4.csv,4,0.48,100.00,5218.73,0.01,174.17,1,249.40,246.60,251.40,252.60
BreastCancerWisconsin_1000_4.csv,4,0.20,100.00,1430.39,0.01,304.65,1,136.60,143.40,144.20,144.80
pricerunner_1000_4.csv,4,0.47,100.00,1799.24,0.00,702.74,1,256.60,231.80,259.20,252.40
cohort_1000_4.csv,4,0.47,100.00,1325.72,0.01,439.22,1,248.20,390.00,147.20,214.60
diabeteshealthindicators1_1000_4.csv,4,0.50,100.00,17813.28,0.01,49.88,1,249.80,247.60,252.40,250.20
NHANES_1000_4.csv,4,0.48,100.00,6546.44,0.00,725.62,1,251.20,245.60,248.40,254.80
athlete_10000_3.csv,3,34.18,100.00,20056.25,1.05,6659.92,1,3249.20,3585.80,3165.00
athlete_10000_4.csv,4,34.97,100.00,21029.10,0.18,3808.68,1,2497.80,2482.40,2340.00,2679.80
athlete_10000_5.csv,5,35.04,100.00,24839.10,0.08,865.36,1,1994.20,1989.20,2326.60,1689.60,2000.40
athlete_10000_6.csv,6,35.00,100.00,25165.36,0.25,261.16,1,1661.00,1673.40,1696.80,1683.20,1635.00,1650.60
athlete_10000_7.csv,7,34.87,100.00,24762.73,0.19,450.26,1,1422.00,1302.20,1448.00,1546.40,1435.00,1296.60,1549.80
athlete_10000_8.csv,8,34.89,100.00,25114.21,0.11,180.28,1,1263.20,1304.20,1222.40,1238.40,1258.20,1268.00,1217.80,1227.80
athlete_10000_9.csv,9,34.89,100.00,25203.46,0.18,6.84,1,1122.20,1098.00,1114.40,1090.20,1110.60,1118.20,1128.00,1134.40,1084.00
athlete_10000_10.csv,10,34.88,100.00,25172.84,0.12,221.17,1,1007.40,988.00,1011.00,1046.00,987.60,1003.00,1018.00,1007.40,946.40,985.20
census_10000_3.csv,3,34.76,100.00,28460.38,0.16,2485.20,1,3381.40,3376.80,3241.80
census_10000_4.csv,4,34.62,100.00,28569.70,0.18,1288.67,1,2634.00,2460.80,2277.60,2627.60
census_10000_5.csv,5,34.70,100.00,29952.12,0.04,79.12,1,1994.20,1989.20,2022.80,1995.40,1998.40
census_10000_6.csv,6,34.80,100.00,29702.49,0.20,605.02,1,1728.80,1673.40,1615.40,1676.00,1648.60,1657.80
census_10000_7.csv,7,34.87,100.00,29679.43,0.14,171.64,1,1374.80,1344.40,1464.40,1516.80,1435.40,1357.20,1507.00
census_10000_8.csv,8,34.56,100.00,29891.77,0.14,186.43,1,1263.20,1330.20,1222.40,1238.40,1258.20,1266.20,1191.80,1229.60
census_10000_9.csv,9,34.52,100.00,29959.87,0.11,29.01,1,1109.40,1098.00,1114.40,1090.20,1110.60,1118.20,1128.00,1134.40,1096.80
census_10000_10.csv,10,34.88,100.00,29863.69,0.26,149.91,1,1007.40,988.00,984.60,1048.60,987.60,1003.00,1013.60,1007.40,943.80,1016.00
Spanish_10000_3.csv,3,8.65,100.00,14891.46,0.19,1711.01,1,1592.40,1579.40,1574.20
Spanish_10000_4.csv,4,8.84,100.00,15495.38,0.32,1755.16,1,1208.00,1168.60,1176.00,1193.40
Spanish_10000_5.csv,5,8.62,100.00,16478.47,0.16,217.61,1,899.40,946.20,967.60,916.20,1016.60
Spanish_10000_6.csv,6,8.52,100.00,15791.74,0.07,989.12,1,782.60,789.00,766.60,855.20,778.00,774.60
Spanish_10000_7.csv,7,8.57,100.00,15975.59,0.12,730.53,1,653.20,694.20,671.00,765.60,653.20,626.00,682.80
Spanish_10000_8.csv,8,8.55,100.00,16123.28,0.05,586.25,1,591.20,656.80,578.80,544.40,568.80,593.20,584.40,628.40
Spanish_10000_9.csv,9,8.51,100.00,16561.54,0.10,140.84,1,526.80,508.00,532.00,522.40,512.60,537.40,516.40,515.20,575.20
Spanish_10000_10.csv,10,8.52,100.00,16578.83,0.06,227.79,1,471.20,447.40,490.20,482.80,474.80,481.60,479.40,496.60,459.80,462.20
student_10000_3.csv,3,34.63,100.00,7043.27,0.17,3560.59,1,3998.00,3966.80,2035.20
student_10000_4.csv,4,34.95,100.00,7520.74,0.01,2736.03,1,3094.80,1950.00,1831.00,3124.20
student_10000_5.csv,5,34.75,100.00,9675.59,0.14,715.48,1,1994.00,1989.20,2349.60,1666.60,2000.60
student_10000_6.csv,6,34.79,100.00,8387.16,0.36,3599.87,1,1335.80,1629.20,1581.60,1636.00,2208.00,1609.40
student_10000_7.csv,7,34.97,100.00,9371.66,0.13,906.54,1,1399.00,1362.40,1523.80,1465.20,1418.00,1372.80,1458.80
student_10000_8.csv,8,34.99,100.00,9825.27,0.22,378.61,1,1263.20,1403.20,1222.40,1238.40,1265.00,1268.00,1112.00,1227.80
student_10000_9.csv,9,34.91,100.00,9992.78,0.13,1.87,1,1122.00,1098.00,1114.40,1090.20,1110.60,1118.20,1128.00,1134.40,1084.20
student_10000_10.csv,10,34.71,100.00,9993.45,0.13,2.98,1,1007.40,988.00,1022.60,1181.20,987.60,1003.00,1018.00,1007.40,811.20,973.60
insurance_10000_3.csv,3,0.76,100.00,5310.04,0.03,565.05,1,473.20,442.60,422.20
insurance_10000_4.csv,4,0.74,100.00,5552.43,0.02,424.10,1,333.80,334.40,333.60,336.20
insurance_10000_5.csv,5,0.76,100.00,5304.29,0.02,441.11,1,272.20,272.60,265.20,269.20,258.80
insurance_10000_6.csv,6,0.75,100.00,5731.51,0.04,171.84,1,231.40,225.80,219.20,217.00,222.60,222.00
insurance_10000_7.csv,7,0.79,100.00,5298.16,0.05,621.28,1,189.60,186.80,187.40,189.80,186.80,201.40,196.20
insurance_10000_8.csv,8,0.79,100.00,5709.35,0.03,197.94,1,160.40,157.00,167.40,164.20,178.00,178.80,163.80,168.40
insurance_10000_9.csv,9,0.79,100.00,5776.21,0.05,119.89,1,144.40,142.00,146.00,141.40,155.80,169.20,140.00,153.00,146.20
insurance_10000_10.csv,10,0.80,100.00,5668.73,0.08,473.07,1,125.20,127.80,143.80,114.40,122.00,165.40,133.80,152.80,116.40,136.40
BreastCancerMETABRIC_10000_3.csv,3,2.49,100.00,34958.58,0.05,710.04,1,860.20,817.00,831.80
BreastCancerMETABRIC_10000_4.csv,4,2.62,100.00,34585.05,0.11,1959.82,1,634.80,618.20,627.60,628.40
BreastCancerMETABRIC_10000_5.csv,5,2.53,100.00,34843.47,0.05,1536.13,1,502.60,489.80,494.80,522.00,499.80
BreastCancerMETABRIC_10000_6.csv,6,2.50,100.00,35430.31,0.05,245.07,1,408.80,417.00,413.40,423.60,411.20,435.00
BreastCancerMETABRIC_10000_7.csv,7,2.49,100.00,35336.89,0.02,380.98,1,353.20,355.00,353.60,347.20,360.40,352.60,387.00
BreastCancerMETABRIC_10000_8.csv,8,2.50,100.00,35184.46,0.05,762.78,1,311.60,322.20,312.40,306.40,304.60,319.60,315.00,317.20
BreastCancerMETABRIC_10000_9.csv,9,2.53,100.00,35537.64,0.05,159.72,1,273.80,282.20,280.40,269.60,268.60,282.40,272.60,292.60,286.80
BreastCancerMETABRIC_10000_10.csv,10,2.61,100.00,35205.93,0.10,646.99,1,252.00,265.00,246.80,245.80,243.00,243.80,251.80,251.80,254.60,254.40
diabetic_10000_3.csv,3,34.56,100.00,51608.28,0.08,2781.58,1,3349.20,3532.80,3118.00
diabetic_10000_4.csv,4,34.81,100.00,51051.18,0.09,2553.32,1,2379.80,2407.60,2430.60,2782.00
diabetic_10000_5.csv,5,34.50,100.00,53766.88,0.08,65.32,1,1993.20,1989.20,2007.40,2011.40,1998.80
diabetic_10000_6.csv,6,34.53,100.00,53689.99,0.09,179.42,1,1660.60,1673.40,1695.20,1641.60,1636.60,1692.60
diabetic_10000_7.csv,7,34.83,100.00,53464.07,0.22,314.42,1,1362.20,1405.00,1466.00,1488.40,1435.00,1397.00,1446.40
diabetic_10000_8.csv,8,34.58,100.00,53677.63,0.13,162.92,1,1263.20,1286.40,1222.40,1238.40,1257.80,1221.80,1233.60,1276.40
diabetic_10000_9.csv,9,34.69,100.00,53662.14,0.10,111.72,1,1088.60,1098.00,1114.40,1090.20,1111.40,1118.20,1128.00,1134.20,1117.00
diabetic_10000_10.csv,10,34.80,100.00,53657.04,0.15,178.96,1,1007.40,988.00,964.40,1062.60,987.60,1003.00,1018.00,1007.40,929.80,1031.80
BreastCancerWisconsin_10000_3.csv,3,0.18,100.00,1464.16,0.01,152.98,1,189.40,191.00,188.60
BreastCancerWisconsin_10000_4.csv,4,0.19,100.00,1430.39,0.01,304.65,1,136.60,143.40,144.20,144.80
BreastCancerWisconsin_10000_5.csv,5,0.18,100.00,1304.23,0.01,636.16,1,93.20,101.80,148.40,112.60,113.00
BreastCancerWisconsin_10000_6.csv,6,0.21,100.00,1494.58,0.01,252.02,1,94.80,95.00,97.40,95.40,91.40,95.00
BreastCancerWisconsin_10000_7.csv,7,0.19,100.00,1335.64,0.01,400.09,1,84.40,79.20,78.40,86.60,83.20,78.60,78.60
BreastCancerWisconsin_10000_8.csv,8,0.21,100.00,1458.95,0.03,181.32,1,69.80,72.80,69.40,71.00,71.80,73.20,66.80,74.20
BreastCancerWisconsin_10000_9.csv,9,0.20,100.00,1299.57,0.02,245.45,1,71.40,69.60,51.60,51.20,53.20,73.60,82.40,72.80,43.20
BreastCancerWisconsin_10000_10.csv,10,0.19,100.00,1431.80,0.01,299.12,1,48.60,64.60,56.60,56.40,59.00,43.80,43.80,89.00,56.20,51.00
pricerunner_10000_3.csv,3,34.83,100.00,21786.97,0.33,6321.14,1,3350.60,3619.20,3030.20
pricerunner_10000_4.csv,4,34.68,100.00,21092.17,0.11,7550.71,1,2277.80,2383.20,2486.80,2852.20
pricerunner_10000_5.csv,5,34.89,100.00,26026.70,0.16,333.46,1,1994.20,1989.20,2135.40,1880.80,2000.40
pricerunner_10000_6.csv,6,34.70,100.00,25545.55,0.09,1385.25,1,1676.80,1673.40,1654.20,1683.20,1661.80,1650.60
pricerunner_10000_7.csv,7,34.76,100.00,25792.22,0.23,532.79,1,1436.40,1333.40,1388.40,1506.80,1435.40,1381.60,1518.00
pricerunner_10000_8.csv,8,35.04,100.00,26046.81,0.24,217.96,1,1263.20,1329.60,1222.40,1238.40,1258.20,1239.60,1192.40,1256.20
pricerunner_10000_9.csv,9,34.98,100.00,26157.43,0.23,4.98,1,1122.40,1098.00,1114.40,1090.20,1110.60,1118.20,1128.00,1134.40,1083.80
pricerunner_10000_10.csv,10,34.84,100.00,26084.28,0.09,186.61,1,1007.40,988.00,1016.60,1036.80,987.60,1003.00,1018.00,1007.40,955.60,979.60
cohort_10000_3.csv,3,34.97,100.00,16471.83,0.22,4376.53,1,3647.20,2821.20,3531.60
cohort_10000_4.csv,4,34.88,100.00,15662.05,0.09,4542.12,1,1880.00,3409.60,2889.80,1820.60
cohort_10000_5.csv,5,34.62,100.00,19813.91,0.24,391.50,1,1994.20,1989.20,2089.40,1959.00,1968.20
cohort_10000_6.csv,6,34.61,100.00,19356.41,0.13,1411.55,1,1663.60,1673.40,1614.20,1683.20,1715.00,1650.60
cohort_10000_7.csv,7,34.84,100.00,19767.06,0.27,298.41,1,1436.40,1292.00,1388.40,1556.80,1435.40,1331.60,1559.40
cohort_10000_8.csv,8,34.67,100.00,19927.03,0.25,140.33,1,1263.20,1288.80,1222.40,1238.40,1258.20,1268.00,1233.20,1227.80
cohort_10000_9.csv,9,34.89,100.00,19966.66,0.16,36.54,1,1110.40,1098.00,1114.40,1090.20,1110.60,1118.20,1128.00,1134.40,1095.80
cohort_10000_10.csv,10,34.83,100.00,19799.91,0.18,291.09,1,1007.40,988.00,933.60,992.00,987.60,1003.00,1018.00,1007.40,1000.40,1062.60
diabeteshealthindicators1_10000_3.csv,3,35.03,100.00,175675.89,0.19,4190.78,1,3223.00,3444.00,3333.00
diabeteshealthindicators1_10000_4.csv,4,34.73,100.00,176529.22,0.18,3843.10,1,2476.00,2495.00,2410.00,2619.00
diabeteshealthindicators1_10000_5.csv,5,34.76,100.00,178814.18,0.12,348.24,1,1994.20,1989.20,2048.40,1992.60,1975.60
diabeteshealthindicators1_10000_6.csv,6,34.72,100.00,178683.50,0.17,169.11,1,1661.20,1673.40,1666.40,1648.40,1665.20,1685.40
diabeteshealthindicators1_10000_7.csv,7,34.70,100.00,178987.74,0.25,263.09,1,1415.20,1408.20,1443.20,1444.60,1431.60,1406.20,1451.00
diabeteshealthindicators1_10000_8.csv,8,34.88,100.00,178874.43,0.18,194.26,1,1247.40,1280.60,1222.40,1238.40,1262.60,1247.80,1251.20,1249.60
diabeteshealthindicators1_10000_9.csv,9,35.01,100.00,179004.68,0.09,126.36,1,1085.60,1098.00,1114.40,1090.20,1110.60,1118.20,1128.00,1134.40,1120.60
diabeteshealthindicators1_10000_10.csv,10,34.90,100.00,178642.27,0.24,326.36,1,1007.40,988.00,995.80,1005.60,987.60,1003.00,994.80,1007.40,986.80,1023.60
NHANES_10000_3.csv,3,2.03,100.00,15113.33,0.01,1457.25,1,750.80,746.00,781.20
NHANES_10000_4.csv,4,2.08,100.00,15826.03,0.06,622.20,1,559.40,601.00,560.40,557.20
NHANES_10000_5.csv,5,2.08,100.00,15570.01,0.02,1047.77,1,448.40,462.60,437.60,467.00,462.40
NHANES_10000_6.csv,6,2.09,100.00,15980.05,0.03,545.68,1,379.60,365.00,407.40,386.00,371.00,369.00
NHANES_10000_7.csv,7,2.11,100.00,15838.78,0.04,717.46,1,313.00,324.00,343.00,327.20,333.00,314.00,323.80
NHANES_10000_8.csv,8,2.19,100.00,16038.92,0.11,454.67,1,278.00,278.20,285.80,285.40,289.20,283.60,275.20,302.60
NHANES_10000_9.csv,9,2.11,100.00,15994.67,0.06,430.51,1,249.80,278.80,236.80,252.20,248.40,250.00,253.20,250.20,258.60
NHANES_10000_10.csv,10,2.09,100.00,15390.05,0.03,1499.00,1,236.20,223.40,231.80,229.60,257.20,208.00,214.60,216.40,239.80,221.00
athlete_1000_4.csv,4,0.52,100.00,1615.91,0.00,0.00,1,245.00,0.00,281.00,474.00
census_1000_4.csv,4,0.56,100.00,3860.37,0.00,0.00,1,271.00,230.00,247.00,252.00
Spanish_1000_4.csv,4,0.47,100.00,3153.43,0.00,0.00,1,258.00,274.00,245.00,223.00
student_1000_4.csv,4,0.46,100.00,127.37,0.00,0.00,1,0.00,650.00,214.00,136.00
insurance_1000_4.csv,4,0.49,100.00,4563.70,0.00,0.00,1,237.00,239.00,253.00,271.00
BreastCancerMETABRIC_1000_4.csv,4,0.46,100.00,13761.20,0.00,0.00,1,238.00,239.00,249.00,274.00
diabetic_1000_4.csv,4,0.47,100.00,5340.02,0.00,0.00,1,252.00,250.00,251.00,247.00
BreastCancerWisconsin_1000_4.csv,4,0.21,100.00,1882.74,0.00,0.00,1,140.00,140.00,146.00,143.00
pricerunner_1000_4.csv,4,0.46,100.00,2069.33,0.00,0.00,1,258.00,268.00,237.00,237.00
cohort_1000_4.csv,4,0.45,100.00,1533.77,0.00,0.00,1,217.00,282.00,230.00,271.00
diabeteshealthindicators1_1000_4.csv,4,0.45,100.00,17840.47,0.00,0.00,1,252.00,248.00,253.00,247.00
NHANES_1000_4.csv,4,0.50,100.00,7188.48,0.00,0.00,1,246.00,245.00,253.00,256.00
athlete_1000_4.csv,4,0.55,100.00,1615.91,0.00,0.00,1,245.00,0.00,281.00,474.00
census_1000_4.csv,4,0.46,100.00,3860.37,0.00,0.00,1,271.00,230.00,247.00,252.00
Spanish_1000_4.csv,4,0.50,100.00,3153.43,0.00,0.00,1,258.00,274.00,245.00,223.00
student_1000_4.csv,4,0.45,100.00,127.37,0.00,0.00,1,0.00,650.00,214.00,136.00
insurance_1000_4.csv,4,0.45,100.00,4563.70,0.00,0.00,1,237.00,239.00,253.00,271.00
BreastCancerMETABRIC_1000_4.csv,4,0.45,100.00,13761.20,0.00,0.00,1,238.00,239.00,249.00,274.00
diabetic_1000_4.csv,4,0.49,100.00,5340.02,0.00,0.00,1,252.00,250.00,251.00,247.00
BreastCancerWisconsin_1000_4.csv,4,0.20,100.00,1882.74,0.00,0.00,1,140.00,140.00,146.00,143.00
pricerunner_1000_4.csv,4,0.49,100.00,2069.33,0.00,0.00,1,258.00,268.00,237.00,237.00
cohort_1000_4.csv,4,0.47,100.00,1533.77,0.00,0.00,1,217.00,282.00,230.00,271.00
diabeteshealthindicators1_1000_4.csv,4,0.49,100.00,17840.47,0.00,0.00,1,252.00,248.00,253.00,247.00
NHANES_1000_4.csv,4,0.44,100.00,7188.48,0.00,0.00,1,246.00,245.00,253.00,256.00
athlete_1000_4.csv,4,0.57,100.00,2523.12,0.00,0.00,1,247.00,255.00,254.00,244.00
census_1000_4.csv,4,0.53,100.00,3980.58,0.00,0.00,1,247.00,255.00,254.00,244.00
Spanish_1000_4.csv,4,0.49,100.00,3554.98,0.00,0.00,1,247.00,251.00,252.00,250.00
student_1000_4.csv,4,0.46,100.00,993.99,0.00,0.00,1,247.00,255.00,254.00,244.00
insurance_1000_4.csv,4,0.46,100.00,4628.81,0.00,0.00,1,247.00,252.00,254.00,247.00
BreastCancerMETABRIC_1000_4.csv,4,0.46,100.00,13882.59,0.00,0.00,1,247.00,255.00,254.00,244.00
diabetic_1000_4.csv,4,0.45,100.00,5364.44,0.00,0.00,1,247.00,253.00,253.00,247.00
BreastCancerWisconsin_1000_4.csv,4,0.18,100.00,1368.43,0.00,0.00,1,141.00,144.00,141.00,143.00
pricerunner_1000_4.csv,4,0.47,100.00,2615.82,0.00,0.00,1,247.00,255.00,254.00,244.00
cohort_1000_4.csv,4,0.46,100.00,1992.33,0.00,0.00,1,247.00,255.00,254.00,244.00
diabeteshealthindicators1_1000_4.csv,4,0.47,100.00,17854.70,0.00,0.00,1,247.00,243.00,254.00,256.00
NHANES_1000_4.csv,4,0.46,100.00,7192.20,0.00,0.00,1,247.00,251.00,252.00,250.00
athlete_1000_4.csv,4,0.49,100.00,2094.74,0.00,0.00,1,246.00,271.00,244.00,239.00
census_1000_4.csv,4,0.57,100.00,3961.58,0.00,0.00,1,250.00,249.00,250.00,251.00
Spanish_1000_4.csv,4,0.51,100.00,2233.55,0.00,0.00,1,291.00,176.00,291.00,242.00
student_1000_4.csv,4,0.50,100.00,287.23,0.00,0.00,1,99.00,0.00,245.00,656.00
insurance_1000_4.csv,4,0.49,100.00,4367.30,0.00,0.00,1,246.00,264.00,250.00,240.00
BreastCancerMETABRIC_1000_4.csv,4,0.46,100.00,13760.59,0.00,0.00,1,253.00,251.00,247.00,249.00
diabetic_1000_4.csv,4,0.47,100.00,4968.19,0.00,0.00,1,260.00,261.00,239.00,240.00
BreastCancerWisconsin_1000_4.csv,4,0.20,100.00,1314.72,0.00,0.00,1,133.00,153.00,143.00,140.00
pricerunner_1000_4.csv,4,0.45,100.00,2123.54,0.00,0.00,1,231.00,251.00,243.00,275.00
cohort_1000_4.csv,4,0.46,100.00,772.46,0.00,0.00,1,263.00,66.00,500.00,171.00
diabeteshealthindicators1_1000_4.csv,4,0.47,100.00,17730.22,0.00,0.00,1,244.00,256.00,250.00,250.00
NHANES_1000_4.csv,4,0.45,100.00,6988.36,0.00,0.00,1,252.00,251.00,249.00,248.00
athlete_1000_4.csv,4,0.56,100.00,1896.23,0.00,0.00,1,236.00,270.00,262.00,232.00
census_1000_4.csv,4,0.49,100.00,3748.21,0.00,0.00,1,249.00,242.00,261.00,248.00
Spanish_1000_4.csv,4,0.47,100.00,2086.65,0.00,0.00,1,220.00,259.00,126.00,395.00
student_1000_4.csv,4,0.46,100.00,999.00,0.00,0.00,1,1000.00,0.00,0.00,0.00
insurance_1000_4.csv,4,0.45,100.00,3762.64,0.00,0.00,1,236.00,265.00,250.00,249.00
BreastCancerMETABRIC_1000_4.csv,4,0.46,100.00,13632.77,0.00,0.00,1,249.00,244.00,247.00,260.00
diabetic_1000_4.csv,4,0.45,100.00,5063.47,0.00,0.00,1,243.00,243.00,274.00,240.00
BreastCancerWisconsin_1000_4.csv,4,0.20,100.00,1512.19,0.00,0.00,1,141.00,151.00,139.00,138.00
pricerunner_1000_4.csv,4,0.46,100.00,1282.70,0.00,0.00,1,224.00,233.00,239.00,304.00
cohort_1000_4.csv,4,0.46,100.00,1214.49,0.00,0.00,1,320.00,472.00,0.00,208.00
diabeteshealthindicators1_1000_4.csv,4,0.46,100.00,17720.09,0.00,0.00,1,253.00,239.00,247.00,261.00
NHANES_1000_4.csv,4,0.43,100.00,6254.64,0.00,0.00,1,234.00,252.00,268.00,246.00
athlete_1000_4.csv,4,0.59,100.00,2094.29,0.00,0.00,1,249.00,255.00,258.00,238.00
census_1000_4.csv,4,0.47,100.00,3729.98,0.00,0.00,1,250.00,246.00,260.00,244.00
Spanish_1000_4.csv,4,0.45,100.00,3208.68,0.00,0.00,1,243.00,246.00,252.00,259.00
student_1000_4.csv,4,0.44,100.00,999.00,0.00,0.00,1,0.00,0.00,0.00,1000.00
insurance_1000_4.csv,4,0.45,100.00,4248.43,0.00,0.00,1,245.00,246.00,254.00,255.00
BreastCancerMETABRIC_1000_4.csv,4,0.46,100.00,13363.75,0.00,0.00,1,248.00,246.00,262.00,244.00
diabetic_1000_4.csv,4,0.46,100.00,5277.03,0.00,0.00,1,253.00,246.00,251.00,250.00
BreastCancerWisconsin_1000_4.csv,4,0.20,100.00,1655.93,0.00,0.00,1,141.00,139.00,141.00,148.00
pricerunner_1000_4.csv,4,0.45,100.00,794.98,0.00,0.00,1,437.00,234.00,329.00,0.00
cohort_1000_4.csv,4,0.44,100.00,1271.05,0.00,0.00,1,234.00,291.00,475.00,0.00
diabeteshealthindicators1_1000_4.csv,4,0.46,100.00,17701.19,0.00,0.00,1,252.00,254.00,247.00,247.00
NHANES_1000_4.csv,4,0.44,100.00,7012.95,0.00,0.00,1,236.00,275.00,247.00,242.00
athlete_1000_4.csv,4,0.57,100.00,1863.05,0.00,0.00,1,239.00,248.00,258.00,255.00
census_1000_4.csv,4,0.46,100.00,3344.85,0.00,0.00,1,257.00,245.00,260.00,238.00
Spanish_1000_4.csv,4,0.49,100.00,2341.94,0.00,0.00,1,264.00,118.00,221.00,397.00
student_1000_4.csv,4,0.44,100.00,999.00,0.00,0.00,1,0.00,0.00,1000.00,0.00
insurance_1000_4.csv,4,0.43,100.00,3708.90,0.00,0.00,1,252.00,255.00,235.00,258.00
BreastCancerMETABRIC_1000_4.csv,4,0.46,100.00,13576.07,0.00,0.00,1,261.00,245.00,245.00,249.00
diabetic_1000_4.csv,4,0.45,100.00,5082.48,0.00,0.00,1,254.00,249.00,252.00,245.00
BreastCancerWisconsin_1000_4.csv,4,0.20,100.00,1080.43,0.00,0.00,1,141.00,141.00,144.00,143.00
pricerunner_1000_4.csv,4,0.46,100.00,564.02,0.00,0.00,1,160.00,353.00,258.00,229.00
cohort_1000_4.csv,4,0.45,100.00,1076.22,0.00,0.00,1,265.00,221.00,270.00,244.00
diabeteshealthindicators1_1000_4.csv,4,0.45,100.00,17514.04,0.00,0.00,1,254.00,250.00,250.00,246.00
NHANES_1000_4.csv,4,0.46,100.00,6295.45,0.00,0.00,1,297.00,247.00,196.00,260.00
athlete_1000_4.csv,4,0.56,100.00,2094.29,0.00,0.00,1,249.00,255.00,258.00,238.00
census_1000_4.csv,4,0.51,100.00,3729.98,0.00,0.00,1,250.00,246.00,260.00,244.00
Spanish_1000_4.csv,4,0.46,100.00,3208.68,0.00,0.00,1,243.00,246.00,252.00,259.00
student_1000_4.csv,4,0.46,100.00,999.00,0.00,0.00,1,0.00,0.00,0.00,1000.00
insurance_1000_4.csv,4,0.44,100.00,4248.43,0.00,0.00,1,245.00,246.00,254.00,255.00
BreastCancerMETABRIC_1000_4.csv,4,0.44,100.00,13363.75,0.00,0.00,1,248.00,246.00,262.00,244.00
diabetic_1000_4.csv,4,0.43,100.00,5277.03,0.00,0.00,1,253.00,246.00,251.00,250.00
BreastCancerWisconsin_1000_4.csv,4,0.20,100.00,1655.93,0.00,0.00,1,141.00,139.00,141.00,148.00
pricerunner_1000_4.csv,4,0.47,100.00,794.98,0.00,0.00,1,437.00,234.00,329.00,0.00
cohort_1000_4.csv,4,0.45,100.00,1271.05,0.00,0.00,1,234.00,291.00,475.00,0.00
diabeteshealthindicators1_1000_4.csv,4,0.46,100.00,17701.19,0.00,0.00,1,252.00,254.00,247.00,247.00
NHANES_1000_4.csv,4,0.45,100.00,7012.95,0.00,0.00,1,236.00,275.00,247.00,242.00
athlete_1000_4.csv,4,0.59,100.00,1863.05,0.00,0.00,1,239.00,248.00,258.00,255.00
census_1000_4.csv,4,0.51,100.00,3344.85,0.00,0.00,1,257.00,245.00,260.00,238.00
Spanish_1000_4.csv,4,0.50,100.00,2341.94,0.00,0.00,1,264.00,118.00,221.00,397.00
student_1000_4.csv,4,0.45,100.00,999.00,0.00,0.00,1,0.00,0.00,1000.00,0.00
insurance_1000_4.csv,4,0.45,100.00,3708.90,0.00,0.00,1,252.00,255.00,235.00,258.00
BreastCancerMETABRIC_1000_4.csv,4,0.45,100.00,13576.07,0.00,0.00,1,261.00,245.00,245.00,249.00
diabetic_1000_4.csv,4,0.45,100.00,5082.48,0.00,0.00,1,254.00,249.00,252.00,245.00
BreastCancerWisconsin_1000_4.csv,4,0.18,100.00,1080.43,0.00,0.00,1,141.00,141.00,144.00,143.00
pricerunner_1000_4.csv,4,0.45,100.00,564.02,0.00,0.00,1,160.00,353.00,258.00,229.00
cohort_1000_4.csv,4,0.46,100.00,1076.22,0.00,0.00,1,265.00,221.00,270.00,244.00
diabeteshealthindicators1_1000_4.csv,4,0.46,100.00,17514.04,0.00,0.00,1,254.00,250.00,250.00,246.00
NHANES_1000_4.csv,4,0.45,100.00,6295.45,0.00,0.00,1,297.00,247.00,196.00,260.00
athlete_1000_4.csv,4,0.54,100.00,1978.67,0.08,163.51,1,244.00,251.50,258.00,246.50
census_1000_4.csv,4,0.47,100.00,3537.42,0.03,272.33,1,253.50,245.50,260.00,241.00
Spanish_1000_4.csv,4,0.46,100.00,2775.31,0.02,612.87,1,253.50,182.00,236.50,328.00
student_1000_4.csv,4,0.44,100.00,999.00,0.00,0.00,1,0.00,0.00,500.00,500.00
insurance_1000_4.csv,4,0.46,100.00,3978.66,0.01,381.51,1,248.50,250.50,244.50,256.50
BreastCancerMETABRIC_1000_4.csv,4,0.45,100.00,13469.91,0.01,150.13,1,254.50,245.50,253.50,246.50
diabetic_1000_4.csv,4,0.44,100.00,5179.75,0.00,137.57,1,253.50,247.50,251.50,247.50
BreastCancerWisconsin_1000_4.csv,4,0.20,100.00,1368.18,0.00,406.94,1,141.00,140.00,142.50,145.50
pricerunner_1000_4.csv,4,0.45,100.00,679.50,0.00,163.31,1,298.50,293.50,293.50,114.50
cohort_1000_4.csv,4,0.44,100.00,1173.63,0.01,137.77,1,249.50,256.00,372.50,122.00
diabeteshealthindicators1_1000_4.csv,4,0.49,100.00,17607.61,0.05,132.33,1,253.00,252.00,248.50,246.50
NHANES_1000_4.csv,4,0.50,100.00,6654.20,0.00,507.35,1,266.50,261.00,221.50,251.00
athlete_1000_4.csv,4,0.52,100.00,2052.14,0.05,314.48,1,258.20,248.00,248.80,245.00
census_1000_4.csv,4,0.48,100.00,3778.42,0.01,261.77,1,250.00,249.00,256.80,244.20
Spanish_1000_4.csv,4,0.45,100.00,2746.26,0.01,595.73,1,258.40,206.60,261.80,273.20
student_1000_4.csv,4,0.46,100.00,855.64,0.01,317.76,1,69.20,51.00,299.80,580.00
insurance_1000_4.csv,4,0.49,100.00,4225.67,0.02,336.42,1,247.00,254.20,249.80,249.00
BreastCancerMETABRIC_1000_4.csv,4,0.49,100.00,13617.14,0.01,206.17,1,253.20,252.00,248.40,246.40
diabetic_1000_4.csv,4,0.48,100.00,5151.39,0.01,163.54,1,252.20,255.20,248.00,244.60
BreastCancerWisconsin_1000_4.csv,4,0.21,100.00,1255.97,0.01,301.42,1,139.40,144.20,142.00,143.40
pricerunner_1000_4.csv,4,0.47,100.00,1348.07,0.01,952.33,1,268.60,261.60,268.40,201.40
cohort_1000_4.csv,4,0.48,100.00,1221.35,0.01,466.59,1,201.80,216.80,341.40,240.00
diabeteshealthindicators1_1000_4.csv,4,0.49,100.00,17725.88,0.01,134.89,1,249.80,250.40,249.60,250.20
NHANES_1000_4.csv,4,0.46,100.00,6876.33,0.02,342.30,1,258.00,256.00,236.40,249.60
athlete_1000_4.csv,4,0.45,100.00,1989.84,0.00,0.00,1,229.00,288.00,253.00,230.00
census_1000_4.csv,4,0.45,100.00,3496.90,0.00,0.00,1,248.00,250.00,253.00,249.00
Spanish_1000_4.csv,4,0.45,100.00,2429.08,0.00,0.00,1,223.00,234.00,284.00,259.00
student_1000_4.csv,4,0.43,100.00,485.04,0.00,0.00,1,0.00,252.00,176.00,572.00
insurance_1000_4.csv,4,0.43,100.00,3972.07,0.00,0.00,1,246.00,252.00,256.00,246.00
BreastCancerMETABRIC_1000_4.csv,4,0.46,100.00,15083.75,0.00,0.00,1,254.00,246.00,250.00,250.00
diabetic_1000_4.csv,4,0.44,100.00,5327.68,0.00,0.00,1,249.00,250.00,255.00,246.00
BreastCancerWisconsin_1000_4.csv,4,0.18,100.00,1070.85,0.00,0.00,1,142.00,145.00,145.00,137.00
pricerunner_1000_4.csv,4,0.43,100.00,794.11,0.00,0.00,1,262.00,270.00,227.00,241.00
cohort_1000_4.csv,4,0.44,100.00,802.44,0.00,0.00,1,410.00,0.00,230.00,360.00
diabeteshealthindicators1_1000_4.csv,4,0.44,100.00,19104.78,0.00,0.00,1,255.00,247.00,251.00,247.00
NHANES_1000_4.csv,4,0.43,100.00,6426.23,0.00,0.00,1,241.00,253.00,248.00,258.00
athlete_10000_4.csv,4,36.38,100.00,24886.67,0.00,0.00,1,2541.00,2523.00,2458.00,2478.00
athlete_1000_3.csv,3,0.47,100.00,2495.83,0.00,0.00,1,339.00,333.00,328.00
athlete_1000_4.csv,4,0.48,100.00,1989.84,0.00,0.00,1,229.00,288.00,253.00,230.00
athlete_1000_5.csv,5,0.51,100.00,2348.74,0.00,0.00,1,184.00,189.00,194.00,217.00,216.00
athlete_1000_6.csv,6,0.60,100.00,2375.68,0.00,0.00,1,159.00,151.00,204.00,170.00,152.00,164.00
athlete_1000_7.csv,7,0.50,100.00,2274.55,0.00,0.00,1,132.00,134.00,140.00,160.00,152.00,140.00,142.00
athlete_1000_8.csv,8,0.50,100.00,2130.96,0.00,0.00,1,130.00,121.00,112.00,123.00,120.00,155.00,118.00,121.00
athlete_1000_9.csv,9,0.57,100.00,2440.12,0.00,0.00,1,121.00,106.00,113.00,106.00,83.00,113.00,104.00,144.00,110.00
athlete_1000_10.csv,10,0.59,100.00,2233.11,0.00,0.00,1,104.00,107.00,92.00,103.00,99.00,103.00,84.00,100.00,106.00,102.00
census_1000_3.csv,3,0.48,100.00,3784.23,0.00,0.00,1,328.00,333.00,339.00
census_1000_4.csv,4,0.47,100.00,3597.37,0.00,0.00,1,202.00,249.00,310.00,239.00
census_1000_5.csv,5,0.51,100.00,3779.61,0.00,0.00,1,199.00,203.00,202.00,197.00,199.00
census_1000_6.csv,6,0.52,100.00,3722.73,0.00,0.00,1,185.00,155.00,177.00,162.00,156.00,165.00
census_1000_7.csv,7,0.53,100.00,3535.40,0.00,0.00,1,149.00,144.00,138.00,134.00,129.00,143.00,163.00
census_1000_8.csv,8,0.52,100.00,3723.79,0.00,0.00,1,133.00,121.00,128.00,123.00,126.00,118.00,130.00,121.00
census_1000_9.csv,9,0.56,100.00,3693.37,0.00,0.00,1,107.00,106.00,116.00,111.00,111.00,113.00,106.00,120.00,110.00
census_1000_10.csv,10,0.58,100.00,3722.40,0.00,0.00,1,109.00,94.00,92.00,106.00,99.00,103.00,84.00,100.00,111.00,102.00
Spanish_1000_3.csv,3,0.50,100.00,3429.42,0.00,0.00,1,331.00,333.00,336.00
Spanish_1000_4.csv,4,0.49,100.00,3158.66,0.00,0.00,1,253.00,250.00,252.00,245.00
Spanish_1000_5.csv,5,0.48,100.00,3146.96,0.00,0.00,1,196.00,193.00,199.00,200.00,212.00
Spanish_1000_6.csv,6,0.52,100.00,3094.08,0.00,0.00,1,168.00,158.00,199.00,145.00,166.00,164.00
Spanish_1000_7.csv,7,0.54,100.00,3282.48,0.00,0.00,1,146.00,145.00,141.00,140.00,137.00,142.00,149.00
Spanish_1000_8.csv,8,0.56,100.00,3047.77,0.00,0.00,1,118.00,121.00,136.00,123.00,128.00,127.00,126.00,121.00
Spanish_1000_9.csv,9,0.61,100.00,3120.04,0.00,0.00,1,114.00,106.00,91.00,106.00,81.00,111.00,164.00,117.00,110.00
Spanish_1000_10.csv,10,0.62,100.00,3171.33,0.00,0.00,1,111.00,109.00,81.00,109.00,99.00,103.00,114.00,100.00,72.00,102.00
student_1000_3.csv,3,0.46,100.00,793.84,0.00,0.00,1,330.00,333.00,337.00
student_1000_4.csv,4,0.46,100.00,470.98,0.00,0.00,1,211.00,789.00,0.00,0.00
student_1000_5.csv,5,0.50,100.00,545.58,0.00,0.00,1,184.00,167.00,162.00,357.00,130.00
student_1000_6.csv,6,0.54,100.00,736.30,0.00,0.00,1,188.00,158.00,162.00,164.00,165.00,163.00
student_1000_7.csv,7,0.54,100.00,510.69,0.00,0.00,1,133.00,140.00,142.00,170.00,7.00,140.00,268.00
student_1000_8.csv,8,0.53,100.00,301.57,0.00,0.00,1,386.00,119.00,112.00,0.00,121.00,72.00,46.00,144.00
student_1000_9.csv,9,0.55,100.00,735.04,0.00,0.00,1,112.00,106.00,113.00,106.00,115.00,113.00,94.00,131.00,110.00
student_1000_10.csv,10,0.56,100.00,763.00,0.00,0.00,1,99.00,93.00,88.00,108.00,99.00,103.00,94.00,100.00,114.00,102.00
insurance_1000_3.csv,3,0.51,100.00,4421.55,0.00,0.00,1,383.00,333.00,284.00
insurance_1000_4.csv,4,0.51,100.00,3972.07,0.00,0.00,1,246.00,252.00,256.00,246.00
insurance_1000_5.csv,5,0.50,100.00,4291.89,0.00,0.00,1,189.00,203.00,202.00,200.00,206.00
insurance_1000_6.csv,6,0.50,100.00,4206.80,0.00,0.00,1,165.00,158.00,189.00,155.00,168.00,165.00
insurance_1000_7.csv,7,0.54,100.00,3905.97,0.00,0.00,1,134.00,142.00,164.00,143.00,150.00,135.00,132.00
insurance_1000_8.csv,8,0.56,100.00,4304.54,0.00,0.00,1,141.00,121.00,121.00,123.00,128.00,125.00,120.00,121.00
insurance_1000_9.csv,9,0.56,100.00,4359.81,0.00,0.00,1,107.00,106.00,110.00,106.00,83.00,113.00,102.00,163.00,110.00
insurance_1000_10.csv,10,0.59,100.00,4283.75,0.00,0.00,1,104.00,107.00,82.00,100.00,99.00,103.00,88.00,100.00,115.00,102.00
BreastCancerMETABRIC_1000_3.csv,3,0.56,100.00,14358.35,0.00,0.00,1,335.00,333.00,332.00
BreastCancerMETABRIC_1000_4.csv,4,0.58,100.00,15083.75,0.00,0.00,1,254.00,246.00,250.00,250.00
BreastCancerMETABRIC_1000_5.csv,5,0.58,100.00,15162.77,0.00,0.00,1,204.00,200.00,201.00,194.00,201.00
BreastCancerMETABRIC_1000_6.csv,6,0.53,100.00,14752.80,0.00,0.00,1,165.00,160.00,178.00,161.00,165.00,171.00
BreastCancerMETABRIC_1000_7.csv,7,0.58,100.00,14923.25,0.00,0.00,1,141.00,142.00,139.00,147.00,137.00,142.00,152.00
BreastCancerMETABRIC_1000_8.csv,8,0.61,100.00,15161.09,0.00,0.00,1,125.00,122.00,130.00,123.00,128.00,120.00,131.00,121.00
BreastCancerMETABRIC_1000_9.csv,9,0.60,100.00,15150.83,0.00,0.00,1,116.00,106.00,114.00,106.00,116.00,113.00,109.00,110.00,110.00
BreastCancerMETABRIC_1000_10.csv,10,0.63,100.00,15160.86,0.00,0.00,1,99.00,102.00,97.00,106.00,99.00,103.00,86.00,100.00,106.00,102.00
diabetic_1000_3.csv,3,0.49,100.00,5736.63,0.00,0.00,1,328.00,333.00,339.00
diabetic_1000_4.csv,4,0.51,100.00,5327.68,0.00,0.00,1,249.00,250.00,255.00,246.00
diabetic_1000_5.csv,5,0.49,100.00,5462.98,0.00,0.00,1,196.00,194.00,195.00,215.00,200.00
diabetic_1000_6.csv,6,0.49,100.00,5540.60,0.00,0.00,1,171.00,166.00,162.00,169.00,167.00,165.00
diabetic_1000_7.csv,7,0.52,100.00,5141.16,0.00,0.00,1,134.00,137.00,138.00,151.00,155.00,138.00,147.00
diabetic_1000_8.csv,8,0.54,100.00,5333.61,0.00,0.00,1,121.00,143.00,117.00,122.00,123.00,116.00,127.00,131.00
diabetic_1000_9.csv,9,0.56,100.00,5670.97,0.00,0.00,1,112.00,106.00,116.00,106.00,116.00,113.00,100.00,121.00,110.00
diabetic_1000_10.csv,10,0.58,100.00,5491.49,0.00,0.00,1,106.00,106.00,97.00,100.00,99.00,103.00,83.00,100.00,104.00,102.00
BreastCancerWisconsin_1000_3.csv,3,0.17,100.00,1176.62,0.00,0.00,1,181.00,190.00,198.00
BreastCancerWisconsin_1000_4.csv,4,0.19,100.00,1070.85,0.00,0.00,1,142.00,145.00,145.00,137.00
BreastCancerWisconsin_1000_5.csv,5,0.19,100.00,1166.33,0.00,0.00,1,107.00,114.00,120.00,111.00,117.00
BreastCancerWisconsin_1000_6.csv,6,0.19,100.00,1063.25,0.00,0.00,1,90.00,93.00,101.00,102.00,90.00,93.00
BreastCancerWisconsin_1000_7.csv,7,0.19,100.00,1189.15,0.00,0.00,1,82.00,78.00,77.00,91.00,79.00,78.00,84.00
BreastCancerWisconsin_1000_8.csv,8,0.24,100.00,1081.07,0.00,0.00,1,70.00,68.00,64.00,76.00,69.00,82.00,76.00,64.00
BreastCancerWisconsin_1000_9.csv,9,0.22,100.00,1151.33,0.00,0.00,1,63.00,64.00,68.00,61.00,60.00,61.00,59.00,63.00,70.00
BreastCancerWisconsin_1000_10.csv,10,0.23,100.00,1040.92,0.00,0.00,1,52.00,68.00,48.00,57.00,47.00,52.00,60.00,53.00,56.00,76.00
pricerunner_1000_3.csv,3,0.44,100.00,2210.61,0.00,0.00,1,328.00,333.00,339.00
pricerunner_1000_4.csv,4,0.46,100.00,1237.64,0.00,0.00,1,249.00,270.00,230.00,251.00
pricerunner_1000_5.csv,5,0.50,100.00,1511.61,0.00,0.00,1,397.00,198.00,220.00,0.00,185.00
pricerunner_1000_6.csv,6,0.54,100.00,1771.17,0.00,0.00,1,153.00,183.00,73.00,161.00,265.00,165.00
pricerunner_1000_7.csv,7,0.51,100.00,1843.93,0.00,0.00,1,139.00,137.00,143.00,147.00,164.00,132.00,138.00
pricerunner_1000_8.csv,8,0.49,100.00,1865.80,0.00,0.00,1,117.00,125.00,113.00,123.00,128.00,128.00,125.00,141.00
pricerunner_1000_9.csv,9,0.57,100.00,2008.65,0.00,0.00,1,94.00,106.00,98.00,106.00,71.00,113.00,164.00,138.00,110.00
pricerunner_1000_10.csv,10,0.61,100.00,1999.43,0.00,0.00,1,95.00,105.00,90.00,96.00,99.00,103.00,105.00,100.00,105.00,102.00
cohort_1000_3.csv,3,0.44,100.00,2008.40,0.00,0.00,1,331.00,333.00,336.00
cohort_1000_4.csv,4,0.45,100.00,668.02,0.00,0.00,1,189.00,445.00,0.00,366.00
cohort_1000_5.csv,5,0.48,100.00,1526.57,0.00,0.00,1,182.00,190.00,264.00,364.00,0.00
cohort_1000_6.csv,6,0.52,100.00,1330.92,0.00,0.00,1,159.00,182.00,148.00,150.00,199.00,162.00
cohort_1000_7.csv,7,0.55,100.00,960.86,0.00,0.00,1,0.00,132.00,129.00,265.00,124.00,128.00,222.00
cohort_1000_8.csv,8,0.52,100.00,1338.62,0.00,0.00,1,123.00,120.00,151.00,122.00,118.00,117.00,128.00,121.00
cohort_1000_9.csv,9,0.55,100.00,1588.45,0.00,0.00,1,102.00,106.00,102.00,110.00,102.00,106.00,129.00,133.00,110.00
cohort_1000_10.csv,10,0.61,100.00,1853.31,0.00,0.00,1,93.00,122.00,99.00,87.00,99.00,103.00,95.00,100.00,100.00,102.00
diabeteshealthindicators1_1000_3.csv,3,0.57,100.00,19354.81,0.00,0.00,1,332.00,333.00,335.00
diabeteshealthindicators1_1000_4.csv,4,0.58,100.00,19266.34,0.00,0.00,1,250.00,249.00,249.00,252.00
diabeteshealthindicators1_1000_5.csv,5,0.57,100.00,19362.50,0.00,0.00,1,203.00,203.00,202.00,196.00,196.00
diabeteshealthindicators1_1000_6.csv,6,0.61,100.00,19022.97,0.00,0.00,1,171.00,165.00,171.00,165.00,162.00,166.00
diabeteshealthindicators1_1000_7.csv,7,0.62,100.00,19209.02,0.00,0.00,1,149.00,143.00,140.00,143.00,143.00,143.00,139.00
diabeteshealthindicators1_1000_8.csv,8,0.59,100.00,19044.81,0.00,0.00,1,129.00,121.00,126.00,125.00,128.00,123.00,126.00,122.00
diabeteshealthindicators1_1000_9.csv,9,0.61,100.00,19215.11,0.00,0.00,1,120.00,113.00,115.00,106.00,111.00,113.00,103.00,109.00,110.00
diabeteshealthindicators1_1000_10.csv,10,0.66,100.00,19085.85,0.00,0.00,1,98.00,97.00,100.00,103.00,99.00,103.00,97.00,100.00,101.00,102.00
NHANES_1000_3.csv,3,0.49,100.00,7124.18,0.00,0.00,1,365.00,333.00,302.00
NHANES_1000_4.csv,4,0.50,100.00,6690.53,0.00,0.00,1,243.00,255.00,254.00,248.00
NHANES_1000_5.csv,5,0.50,100.00,6954.24,0.00,0.00,1,188.00,200.00,200.00,215.00,197.00
NHANES_1000_6.csv,6,0.54,100.00,6990.63,0.00,0.00,1,167.00,170.00,162.00,169.00,167.00,165.00
NHANES_1000_7.csv,7,0.55,100.00,6660.12,0.00,0.00,1,137.00,159.00,137.00,167.00,143.00,138.00,119.00
NHANES_1000_8.csv,8,0.54,100.00,6939.32,0.00,0.00,1,138.00,120.00,121.00,122.00,128.00,127.00,123.00,121.00
NHANES_1000_9.csv,9,0.56,100.00,6959.05,0.00,0.00,1,116.00,106.00,116.00,109.00,114.00,113.00,104.00,111.00,111.00
NHANES_1000_10.csv,10,0.59,100.00,6886.59,0.00,0.00,1,102.00,99.00,95.00,107.00,99.00,103.00,87.00,100.00,106.00,102.00
athlete_10000_3.csv,3,32.84,100.00,23151.43,0.23,1909.91,1,3410.20,3219.00,3370.80
athlete_10000_4.csv,4,32.81,100.00,24200.38,0.05,1049.34,1,2396.40,2487.40,2592.40,2523.80
athlete_10000_3.csv,3,36.39,100.00,23986.41,0.69,2095.52,1,3487.67,3181.33,3331.00
athlete_10000_4.csv,4,37.07,100.00,24885.64,0.13,2.65,1,2517.33,2494.67,2493.67,2494.33
athlete_10000_5.csv,5,36.72,100.00,24673.69,0.20,389.44,1,1853.33,2023.00,2113.67,2009.33,2000.67
athlete_10000_6.csv,6,36.70,100.00,24615.05,0.18,897.78,1,1664.67,1517.00,1679.67,1657.00,1820.00,1661.67
athlete_10000_7.csv,7,36.50,100.00,24906.49,0.12,49.53,1,1413.67,1383.00,1430.67,1381.00,1531.67,1430.00,1430.00
athlete_10000_8.csv,8,36.61,100.00,25195.84,0.07,1.31,1,1242.00,1275.33,1264.67,1232.00,1229.00,1264.00,1226.67,1266.33
athlete_10000_9.csv,9,36.86,100.00,25265.95,0.28,10.32,1,1100.00,1146.33,1114.67,1118.00,1079.00,1112.00,1113.00,1092.00,1125.00
athlete_10000_10.csv,10,36.69,100.00,25039.21,0.29,6.41,1,996.67,1016.00,1025.33,998.33,976.33,977.67,1014.33,994.67,990.67,1010.00
census_10000_3.csv,3,36.41,100.00,27493.67,0.08,1703.35,1,3336.33,3251.67,3412.00
census_10000_4.csv,4,36.73,100.00,28573.25,0.29,3.27,1,2516.67,2495.33,2493.67,2494.33
census_10000_5.csv,5,36.69,100.00,28605.11,0.09,214.55,1,1901.00,2021.00,2075.00,2005.00,1998.00
census_10000_6.csv,6,36.68,100.00,28128.55,0.09,376.58,1,1664.67,1510.67,1801.00,1657.00,1705.00,1661.67
census_10000_7.csv,7,36.79,100.00,28404.23,0.24,272.63,1,1413.67,1347.00,1430.67,1381.00,1567.67,1430.00,1430.00
census_10000_8.csv,8,36.79,100.00,28568.25,0.18,6.42,1,1242.00,1275.33,1264.67,1232.00,1229.00,1264.00,1226.67,1266.33
census_10000_9.csv,9,36.67,100.00,28622.89,0.05,5.14,1,1100.00,1146.33,1114.67,1118.00,1079.00,1112.00,1113.00,1092.00,1125.00
census_10000_10.csv,10,37.10,100.00,28606.64,0.28,7.47,1,996.67,1016.00,1025.33,998.33,976.33,977.67,1014.33,994.67,990.67,1010.00
Spanish_10000_3.csv,3,9.11,100.00,14714.96,0.01,2819.81,1,1675.00,1538.67,1532.33
Spanish_10000_4.csv,4,9.17,100.00,16319.19,0.04,51.00,1,1191.00,1178.33,1192.00,1184.67
Spanish_10000_5.csv,5,9.13,100.00,16084.27,0.06,394.75,1,929.00,942.67,941.00,984.33,949.00
Spanish_10000_6.csv,6,9.15,100.00,16233.12,0.06,98.72,1,865.33,726.67,787.67,789.33,779.33,797.67
Spanish_10000_7.csv,7,9.17,100.00,15481.76,0.05,792.29,1,669.33,730.67,684.33,646.67,640.33,733.00,641.67
Spanish_10000_8.csv,8,9.17,100.00,16153.97,0.03,193.08,1,586.00,657.00,594.67,521.67,586.00,529.33,687.67,583.67
Spanish_10000_9.csv,9,9.29,100.00,16322.39,0.05,10.81,1,519.33,529.33,512.67,538.00,522.67,528.67,539.00,520.00,536.33
Spanish_10000_10.csv,10,9.25,100.00,16184.70,0.01,130.18,1,470.33,535.33,521.00,473.33,414.33,468.00,439.33,473.00,467.00,484.33
student_10000_3.csv,3,36.47,100.00,7759.08,0.10,735.06,1,3276.67,3307.67,3415.67
student_10000_4.csv,4,36.52,100.00,8094.64,0.19,0.13,1,2517.33,2494.67,2493.67,2494.33
student_10000_5.csv,5,36.70,100.00,8022.00,0.07,183.20,1,1859.00,2023.67,2112.33,2007.33,1997.67
student_10000_6.csv,6,36.49,100.00,8129.61,0.19,211.88,1,1664.67,1527.67,1813.33,1657.00,1675.67,1661.67
student_10000_7.csv,7,36.72,100.00,8002.25,0.11,175.00,1,1414.67,1322.00,1430.67,1381.00,1591.67,1430.00,1430.00
student_10000_8.csv,8,36.69,100.00,8237.92,0.15,2.99,1,1242.00,1275.33,1264.67,1232.00,1229.00,1264.00,1226.67,1266.33
student_10000_9.csv,9,36.73,100.00,8236.04,0.33,3.89,1,1100.00,1146.33,1114.67,1118.00,1079.00,1112.00,1113.00,1092.00,1125.00
student_10000_10.csv,10,36.95,100.00,8162.61,0.47,4.59,1,996.67,1016.00,1025.33,998.33,976.33,977.67,1014.33,994.67,990.67,1010.00
pricerunner_10000_3.csv,3,36.41,100.00,21053.26,0.11,1928.29,1,3405.33,3203.67,3391.00
pricerunner_10000_4.csv,4,36.50,100.00,21982.17,0.05,4.54,1,2517.33,2494.67,2493.67,2494.33
pricerunner_10000_5.csv,5,36.44,100.00,21308.14,0.03,1252.19,1,2127.33,2023.67,1847.67,2008.67,1992.67
pricerunner_10000_6.csv,6,36.62,100.00,21661.30,0.47,522.26,1,1664.67,1478.33,1696.33,1657.00,1842.00,1661.67
pricerunner_10000_7.csv,7,36.93,100.00,21786.08,0.09,193.78,1,1413.67,1297.00,1430.67,1381.00,1617.67,1430.00,1430.00
pricerunner_10000_8.csv,8,37.09,100.00,21976.15,0.11,4.28,1,1242.00,1275.33,1264.67,1232.00,1229.00,1264.00,1226.67,1266.33
pricerunner_10000_9.csv,9,36.77,100.00,21881.74,0.26,4.18,1,1100.00,1146.33,1114.67,1118.00,1079.00,1112.00,1113.00,1092.00,1125.00
pricerunner_10000_10.csv,10,37.14,100.00,22021.55,0.45,6.91,1,996.67,1016.00,1025.33,998.33,976.33,977.67,1014.33,994.67,990.67,1010.00
cohort_10000_3.csv,3,36.98,100.00,17889.60,0.20,4279.75,1,3491.67,2865.00,3643.33
cohort_10000_4.csv,4,37.13,100.00,20265.70,0.09,0.74,1,2517.33,2494.67,2493.67,2494.33
cohort_10000_5.csv,5,36.92,100.00,18402.11,0.22,2881.64,1,2149.67,1973.33,1971.33,1958.00,1947.67
cohort_10000_6.csv,6,36.90,100.00,20154.55,0.13,290.38,1,1664.67,1568.33,1698.00,1657.00,1750.33,1661.67
cohort_10000_7.csv,7,37.03,100.00,20022.95,0.38,260.35,1,1413.67,1370.67,1430.67,1381.00,1544.00,1430.00,1430.00
cohort_10000_8.csv,8,36.59,100.00,20147.64,0.06,4.53,1,1242.00,1275.33,1264.67,1232.00,1229.00,1264.00,1226.67,1266.33
cohort_10000_9.csv,9,36.67,100.00,20165.94,0.02,3.92,1,1100.00,1146.33,1114.67,1118.00,1079.00,1112.00,1113.00,1092.00,1125.00
cohort_10000_10.csv,10,36.66,100.00,20161.08,0.19,8.10,1,996.67,1016.00,1025.33,998.33,976.33,977.67,1014.33,994.67,990.67,1010.00
diabeteshealthindicators1_10000_3.csv,3,36.48,100.00,193693.27,0.13,920.12,1,3353.00,3182.33,3464.67
diabeteshealthindicators1_10000_4.csv,4,36.42,100.00,193565.21,0.06,571.22,1,2372.67,2667.33,2470.67,2489.33
diabeteshealthindicators1_10000_5.csv,5,36.63,100.00,193506.54,0.07,1105.91,1,1957.00,1956.00,2119.00,1999.00,1969.00
diabeteshealthindicators1_10000_6.csv,6,36.49,100.00,193419.81,0.08,501.87,1,1664.67,1589.33,1706.67,1657.00,1720.67,1661.67
diabeteshealthindicators1_10000_7.csv,7,36.45,100.00,193788.17,0.03,199.90,1,1413.67,1430.67,1430.67,1420.33,1447.67,1430.00,1427.00
diabeteshealthindicators1_10000_8.csv,8,36.66,100.00,194074.69,0.08,7.56,1,1242.00,1275.33,1264.67,1232.00,1229.00,1264.00,1226.67,1266.33
diabeteshealthindicators1_10000_9.csv,9,36.63,100.00,194039.30,0.05,0.62,1,1100.00,1146.33,1114.67,1118.00,1079.00,1112.00,1113.00,1092.00,1125.00
diabeteshealthindicators1_10000_10.csv,10,36.57,100.00,194344.45,0.07,66.83,1,996.67,1016.00,1025.33,998.33,1005.33,977.67,985.33,994.67,990.67,1010.00
NHANES_10000_3.csv,3,2.22,100.00,15850.87,0.01,278.43,1,754.33,766.33,757.33
NHANES_10000_4.csv,4,2.32,100.00,15499.43,0.01,1062.70,1,580.00,562.00,577.33,558.67
NHANES_10000_5.csv,5,2.33,100.00,15965.48,0.01,153.49,1,469.00,473.67,462.33,440.67,432.33
NHANES_10000_6.csv,6,2.35,100.00,15851.38,0.03,209.32,1,369.67,361.33,362.00,386.00,430.67,368.33
NHANES_10000_7.csv,7,2.38,100.00,15777.27,0.03,343.68,1,342.67,325.00,310.67,320.00,315.00,301.00,363.67
NHANES_10000_8.csv,8,2.40,100.00,15604.68,0.03,810.70,1,265.67,273.00,285.67,309.00,301.67,277.00,302.33,263.67
NHANES_10000_9.csv,9,2.45,100.00,15933.58,0.03,250.57,1,276.33,251.00,248.33,233.67,254.00,252.67,255.00,258.33,248.67
NHANES_10000_10.csv,10,2.41,100.00,15874.35,0.03,256.03,1,232.33,217.67,234.67,223.00,235.67,224.33,211.67,234.67,236.33,227.67
athlete_10000_3.csv,3,33.66,100.00,38759.98,0.05,2132.34,1,3419.33,2955.67,3625.00
census_10000_3.csv,3,33.82,100.00,39020.58,0.27,1685.76,1,3334.67,3250.67,3414.67
Spanish_10000_3.csv,3,8.20,100.00,22062.35,0.01,2873.01,1,1107.00,1775.00,1864.00
athlete_10000_3.csv,3,33.52,100.00,38759.98,0.14,2132.34,1,3419.33,2955.67,3625.00
athlete_10000_4.csv,4,33.60,100.00,39984.94,0.03,5.42,1,2517.33,2494.67,2493.67,2494.33
athlete_10000_5.csv,5,33.60,100.00,39386.80,0.02,1044.24,1,1854.67,2023.33,2113.67,2009.00,1999.33
athlete_10000_6.csv,6,33.64,100.00,39324.98,0.10,1138.40,1,1664.67,1518.00,1666.00,1657.00,1832.67,1661.67
athlete_10000_7.csv,7,33.59,100.00,39923.81,0.03,95.35,1,1413.67,1363.00,1430.67,1381.00,1551.67,1430.00,1430.00
athlete_10000_8.csv,8,33.60,100.00,39973.56,0.02,3.89,1,1242.00,1275.33,1264.67,1232.00,1229.00,1264.00,1226.67,1266.33
athlete_10000_9.csv,9,33.61,100.00,39968.01,0.01,13.54,1,1100.00,1146.33,1114.67,1118.00,1079.00,1112.00,1113.00,1092.00,1125.00
athlete_10000_10.csv,10,33.60,100.00,39959.23,0.01,14.05,1,996.67,1016.00,1025.33,998.33,976.33,977.67,1014.33,994.67,990.67,1010.00
census_10000_3.csv,3,33.58,100.00,39020.58,0.07,1685.76,1,3334.67,3250.67,3414.67
census_10000_4.csv,4,33.62,100.00,39910.76,0.01,137.00,1,2496.00,2526.67,2488.67,2488.67
census_10000_5.csv,5,33.61,100.00,39905.28,0.02,119.64,1,2000.00,2021.00,1976.67,2005.00,1997.33
census_10000_6.csv,6,33.59,100.00,39851.54,0.06,230.91,1,1664.67,1552.33,1794.00,1657.00,1670.33,1661.67
census_10000_7.csv,7,33.60,100.00,39831.11,0.02,244.51,1,1413.67,1360.00,1430.67,1381.00,1555.00,1430.00,1429.67
census_10000_8.csv,8,33.61,100.00,39973.46,0.02,4.95,1,1242.00,1275.33,1264.67,1232.00,1229.00,1264.00,1226.67,1266.33
census_10000_9.csv,9,33.58,100.00,39967.20,0.07,6.64,1,1100.00,1146.33,1114.67,1118.00,1079.00,1112.00,1113.00,1092.00,1125.00
census_10000_10.csv,10,33.61,100.00,39968.08,0.03,8.56,1,996.67,1016.00,1025.33,998.33,976.33,977.67,1014.33,994.67,990.67,1010.00
Spanish_10000_3.csv,3,8.04,100.00,22062.35,0.03,2873.01,1,1107.00,1775.00,1864.00
Spanish_10000_4.csv,4,8.10,100.00,23607.99,0.05,191.37,1,1200.00,1174.00,1191.00,1181.00
Spanish_10000_5.csv,5,8.11,100.00,23610.80,0.06,93.94,1,962.67,942.67,949.33,943.67,947.67
Spanish_10000_6.csv,6,8.17,100.00,22968.04,0.06,1033.16,1,893.33,712.67,755.33,788.67,791.33,804.67
Spanish_10000_7.csv,7,8.14,100.00,22850.60,0.02,743.53,1,672.67,735.33,682.00,650.00,642.00,756.33,607.67
Spanish_10000_8.csv,8,8.21,100.00,23564.18,0.03,141.28,1,585.67,638.67,594.67,539.33,586.00,594.00,610.00,597.67
Spanish_10000_9.csv,9,8.27,100.00,23677.01,0.03,15.85,1,519.33,529.67,512.67,537.67,522.67,528.67,539.00,520.00,536.33
Spanish_10000_10.csv,10,8.25,100.00,23462.95,0.05,216.56,1,469.00,492.67,528.67,473.00,459.33,467.67,430.00,475.00,467.00,483.67
student_10000_3.csv,3,33.56,100.00,19264.68,0.16,1266.75,1,2455.67,4126.33,3418.00
student_10000_4.csv,4,33.67,100.00,19774.03,0.01,382.60,1,2413.67,2607.33,2485.33,2493.67
student_10000_5.csv,5,33.66,100.00,19698.53,0.02,510.55,1,1926.67,2020.33,2080.33,1988.67,1984.00
student_10000_6.csv,6,33.65,100.00,19799.51,0.02,329.88,1,1664.67,1542.00,1807.00,1656.67,1668.00,1661.67
student_10000_7.csv,7,33.65,100.00,19817.57,0.02,301.09,1,1415.00,1334.33,1430.67,1381.00,1579.00,1430.00,1430.00
student_10000_8.csv,8,33.66,100.00,19982.93,0.02,9.50,1,1242.00,1275.33,1264.67,1232.00,1229.00,1264.00,1226.67,1266.33
student_10000_9.csv,9,33.67,100.00,19983.99,0.00,13.57,1,1100.00,1146.33,1114.67,1118.00,1079.00,1112.00,1113.00,1092.00,1125.00
student_10000_10.csv,10,33.65,100.00,19978.85,0.01,5.21,1,996.67,1016.00,1025.33,998.33,976.33,977.67,1014.33,994.67,990.67,1010.00
pricerunner_10000_3.csv,3,33.63,100.00,39084.42,0.03,1572.99,1,3446.33,3129.33,3424.33
pricerunner_10000_4.csv,4,33.64,100.00,39987.90,0.03,10.57,1,2517.33,2494.67,2493.67,2494.33
pricerunner_10000_5.csv,5,33.65,100.00,39545.26,0.01,754.23,1,1928.00,2023.67,2039.00,2008.67,2000.67
pricerunner_10000_6.csv,6,33.63,100.00,39628.33,0.01,615.72,1,1664.67,1480.33,1693.33,1657.00,1843.00,1661.67
pricerunner_10000_7.csv,7,33.64,100.00,39757.20,0.07,381.11,1,1413.67,1298.67,1430.67,1381.00,1616.00,1430.00,1430.00
pricerunner_10000_8.csv,8,33.65,100.00,39960.96,0.03,13.66,1,1242.00,1275.33,1264.67,1232.00,1229.00,1264.00,1226.67,1266.33
pricerunner_10000_9.csv,9,33.63,100.00,39968.63,0.03,5.84,1,1100.00,1146.33,1114.67,1118.00,1079.00,1112.00,1113.00,1092.00,1125.00
pricerunner_10000_10.csv,10,34.12,100.00,39965.14,0.43,2.16,1,996.67,1016.00,1025.33,998.33,976.33,977.67,1014.33,994.67,990.67,1010.00
cohort_10000_3.csv,3,33.76,100.00,27752.76,0.14,3885.32,1,3280.00,3389.00,3331.00
cohort_10000_4.csv,4,33.93,100.00,29996.02,0.06,2.03,1,2517.33,2494.67,2493.67,2494.33
cohort_10000_5.csv,5,34.03,100.00,28331.52,0.12,2874.78,1,2116.33,2003.67,1971.33,1958.00,1950.67
cohort_10000_6.csv,6,33.72,100.00,29833.68,0.08,263.60,1,1664.67,1560.67,1698.00,1657.00,1758.00,1661.67
cohort_10000_7.csv,7,33.94,100.00,29838.82,0.08,259.39,1,1413.67,1370.67,1430.67,1381.00,1544.00,1430.00,1430.00
cohort_10000_8.csv,8,33.98,100.00,29984.37,0.19,5.78,1,1242.00,1275.33,1264.67,1232.00,1229.00,1264.00,1226.67,1266.33
cohort_10000_9.csv,9,33.95,100.00,29975.14,0.19,7.04,1,1100.00,1146.33,1114.67,1118.00,1079.00,1112.00,1113.00,1092.00,1125.00
cohort_10000_10.csv,10,33.93,100.00,29968.17,0.10,3.69,1,996.67,1016.00,1025.33,998.33,976.33,977.67,1014.33,994.67,990.67,1010.00
diabeteshealthindicators1_10000_3.csv,3,34.10,100.00,209440.48,0.21,889.49,1,3338.67,3224.00,3437.33
diabeteshealthindicators1_10000_4.csv,4,34.21,100.00,209198.02,0.07,1277.05,1,2444.67,2699.00,2417.00,2439.33
diabeteshealthindicators1_10000_5.csv,5,34.10,100.00,209231.25,0.26,1070.55,1,1977.00,1956.00,2098.67,1999.00,1969.33
diabeteshealthindicators1_10000_6.csv,6,34.07,100.00,209603.76,0.10,520.68,1,1664.67,1598.67,1686.67,1657.00,1731.33,1661.67
diabeteshealthindicators1_10000_7.csv,7,34.10,100.00,209630.32,0.27,203.64,1,1413.67,1433.33,1430.67,1421.33,1444.00,1430.00,1427.00
diabeteshealthindicators1_10000_8.csv,8,33.88,100.00,209864.73,0.17,5.84,1,1242.00,1275.33,1264.67,1232.00,1229.00,1264.00,1226.67,1266.33
diabeteshealthindicators1_10000_9.csv,9,34.06,100.00,209843.79,0.03,2.37,1,1100.00,1146.33,1114.67,1118.00,1079.00,1112.00,1113.00,1092.00,1125.00
diabeteshealthindicators1_10000_10.csv,10,34.06,100.00,209770.06,0.08,78.23,1,996.67,1016.00,1025.33,998.33,1008.00,977.67,983.00,994.67,990.67,1009.67
NHANES_10000_3.csv,3,2.06,100.00,20321.75,0.04,26.16,1,756.67,758.67,762.67
NHANES_10000_4.csv,4,2.12,100.00,19053.67,0.04,2350.98,1,611.33,624.67,382.00,660.00
NHANES_10000_5.csv,5,2.15,100.00,20283.78,0.03,73.32,1,479.00,453.33,463.33,442.00,440.33
NHANES_10000_6.csv,6,2.17,100.00,19591.43,0.04,1071.22,1,373.33,370.00,349.33,408.00,395.67,381.67
NHANES_10000_7.csv,7,2.17,100.00,19900.44,0.03,363.68,1,349.67,325.33,313.67,314.00,343.67,304.67,327.00
NHANES_10000_8.csv,8,2.24,100.00,19745.80,0.02,1038.11,1,270.00,272.00,306.67,306.00,295.33,291.67,274.67,261.67
NHANES_10000_9.csv,9,2.23,100.00,20381.36,0.03,24.46,1,257.67,253.00,251.00,239.00,253.33,255.00,257.00,259.67,252.33
NHANES_10000_10.csv,10,2.25,100.00,19893.72,0.03,522.00,1,239.67,215.33,250.67,220.67,227.33,221.33,210.00,233.00,234.33,225.67
NHANES_10000_4.csv,4,2.05,100.00,19053.67,0.06,2350.98,1,611.33,624.67,382.00,660.00
census1990_50000_4.csv,4,739.99,100.00,599958.86,5.00,2.35,1,12545.50,12464.00,12428.00,12562.50
hmda_50000_4.csv,4,733.79,100.00,199993.05,4.52,5.88,1,12545.50,12464.00,12428.00,12562.50
