data_name,Clusters num,Average time,iterations,sse,obj,balance loss,Time Std,Obj Std,num-thr,t,Average clusters size
athlete_1000_3.csv,3,0.4531,100.00,2046.23,2046.23,11.42,0.01,77.97,4.00,0.100000,438.40,292.80,268.80,obj,2046.54,2046.51,2046.40,2046.39,2046.37,2046.33,2046.26,2046.25,2046.23,2046.23,2046.23,2046.23,2046.23,2046.23,2046.23,2046.23,2046.23,2046.23,2046.23,2046.23,2046.23,2046.23,2046.23,2046.23,2046.23,2046.23,2046.23,2046.23,2046.23,2046.23,2046.23,2046.23,2046.23,2046.23,2046.23,2046.23,2046.23,2046.23,2046.23,2046.23,2046.23,2046.23,2046.23,2046.23,2046.23,2046.23,2046.23,2046.23,2046.23,2046.23,2046.23,2046.23,2046.23,2046.23,2046.23,2046.23,2046.23,2046.23,2046.23,2046.23,2046.23,2046.23,2046.23,2046.23,2046.23,2046.23,2046.23,2046.23,2046.23,2046.23,2046.23,2046.23,2046.23,2046.23,2046.23,2046.23,2046.23,2046.23,2046.23,2046.23,2046.23,2046.23,2046.23,2046.23,2046.23,2046.23,2046.23,2046.23,2046.23,2046.23,2046.23,2046.23,2046.23,2046.23,2046.23,2046.23,2046.23,2046.23,2046.23,2046.23
athlete_1000_4.csv,4,0.5671,100.00,1497.12,1497.12,11.42,0.00,259.43,4.00,0.100000,312.00,199.80,266.00,222.20,obj,1497.12,1497.12,1497.12,1497.12,1497.12,1497.12,1497.12,1497.12,1497.12,1497.12,1497.12,1497.12,1497.12,1497.12,1497.12,1497.12,1497.12,1497.12,1497.12,1497.12,1497.12,1497.12,1497.12,1497.12,1497.12,1497.12,1497.12,1497.12,1497.12,1497.12,1497.12,1497.12,1497.12,1497.12,1497.12,1497.12,1497.12,1497.12,1497.12,1497.12,1497.12,1497.12,1497.12,1497.12,1497.12,1497.12,1497.12,1497.12,1497.12,1497.12,1497.12,1497.12,1497.12,1497.12,1497.12,1497.12,1497.12,1497.12,1497.12,1497.12,1497.12,1497.12,1497.12,1497.12,1497.12,1497.12,1497.12,1497.12,1497.12,1497.12,1497.12,1497.12,1497.12,1497.12,1497.12,1497.12,1497.12,1497.12,1497.12,1497.12,1497.12,1497.12,1497.12,1497.12,1497.12,1497.12,1497.12,1497.12,1497.12,1497.12,1497.12,1497.12,1497.12,1497.12,1497.12,1497.12,1497.12,1497.12,1497.12,1497.12
athlete_1000_5.csv,5,0.6776,100.00,1141.17,1141.17,11.42,0.00,69.21,4.00,0.100000,203.80,237.20,201.20,176.00,181.80,obj,1141.17,1141.17,1141.17,1141.17,1141.17,1141.17,1141.17,1141.17,1141.17,1141.17,1141.17,1141.17,1141.17,1141.17,1141.17,1141.17,1141.17,1141.17,1141.17,1141.17,1141.17,1141.17,1141.17,1141.17,1141.17,1141.17,1141.17,1141.17,1141.17,1141.17,1141.17,1141.17,1141.17,1141.17,1141.17,1141.17,1141.17,1141.17,1141.17,1141.17,1141.17,1141.17,1141.17,1141.17,1141.17,1141.17,1141.17,1141.17,1141.17,1141.17,1141.17,1141.17,1141.17,1141.17,1141.17,1141.17,1141.17,1141.17,1141.17,1141.17,1141.17,1141.17,1141.17,1141.17,1141.17,1141.17,1141.17,1141.17,1141.17,1141.17,1141.17,1141.17,1141.17,1141.17,1141.17,1141.17,1141.17,1141.17,1141.17,1141.17,1141.17,1141.17,1141.17,1141.17,1141.17,1141.17,1141.17,1141.17,1141.17,1141.17,1141.17,1141.17,1141.17,1141.17,1141.17,1141.17,1141.17,1141.17,1141.17,1141.17
athlete_1000_6.csv,6,0.7886,100.00,976.57,976.57,11.42,0.01,19.30,4.00,0.100000,126.20,148.80,218.20,172.00,173.00,161.80,obj,977.01,976.94,976.79,976.63,976.57,976.57,976.57,976.57,976.57,976.57,976.57,976.57,976.57,976.57,976.57,976.57,976.57,976.57,976.57,976.57,976.57,976.57,976.57,976.57,976.57,976.57,976.57,976.57,976.57,976.57,976.57,976.57,976.57,976.57,976.57,976.57,976.57,976.57,976.57,976.57,976.57,976.57,976.57,976.57,976.57,976.57,976.57,976.57,976.57,976.57,976.57,976.57,976.57,976.57,976.57,976.57,976.57,976.57,976.57,976.57,976.57,976.57,976.57,976.57,976.57,976.57,976.57,976.57,976.57,976.57,976.57,976.57,976.57,976.57,976.57,976.57,976.57,976.57,976.57,976.57,976.57,976.57,976.57,976.57,976.57,976.57,976.57,976.57,976.57,976.57,976.57,976.57,976.57,976.57,976.57,976.57,976.57,976.57,976.57,976.57
athlete_1000_7.csv,7,0.9260,100.00,953.14,953.14,11.42,0.02,24.17,4.00,0.100000,150.40,151.80,122.20,133.20,134.00,161.40,147.00,obj,953.41,953.25,953.19,953.14,953.14,953.14,953.14,953.14,953.14,953.14,953.14,953.14,953.14,953.14,953.14,953.14,953.14,953.14,953.14,953.14,953.14,953.14,953.14,953.14,953.14,953.14,953.14,953.14,953.14,953.14,953.14,953.14,953.14,953.14,953.14,953.14,953.14,953.14,953.14,953.14,953.14,953.14,953.14,953.14,953.14,953.14,953.14,953.14,953.14,953.14,953.14,953.14,953.14,953.14,953.14,953.14,953.14,953.14,953.14,953.14,953.14,953.14,953.14,953.14,953.14,953.14,953.14,953.14,953.14,953.14,953.14,953.14,953.14,953.14,953.14,953.14,953.14,953.14,953.14,953.14,953.14,953.14,953.14,953.14,953.14,953.14,953.14,953.14,953.14,953.14,953.14,953.14,953.14,953.14,953.14,953.14,953.14,953.14,953.14,953.14
athlete_1000_8.csv,8,1.0418,100.00,822.97,822.97,11.42,0.01,19.11,4.00,0.100000,128.20,150.40,129.20,153.60,107.00,110.80,91.80,129.00,obj,829.13,828.66,827.87,827.83,827.75,827.73,827.72,827.62,827.42,827.19,826.29,825.22,824.03,823.10,822.97,822.97,822.97,822.97,822.97,822.97,822.97,822.97,822.97,822.97,822.97,822.97,822.97,822.97,822.97,822.97,822.97,822.97,822.97,822.97,822.97,822.97,822.97,822.97,822.97,822.97,822.97,822.97,822.97,822.97,822.97,822.97,822.97,822.97,822.97,822.97,822.97,822.97,822.97,822.97,822.97,822.97,822.97,822.97,822.97,822.97,822.97,822.97,822.97,822.97,822.97,822.97,822.97,822.97,822.97,822.97,822.97,822.97,822.97,822.97,822.97,822.97,822.97,822.97,822.97,822.97,822.97,822.97,822.97,822.97,822.97,822.97,822.97,822.97,822.97,822.97,822.97,822.97,822.97,822.97,822.97,822.97,822.97,822.97,822.97,822.97
athlete_1000_9.csv,9,1.1570,100.00,748.27,748.27,11.42,0.02,23.44,4.00,0.100000,148.60,94.40,102.60,91.60,139.40,114.00,122.60,85.60,101.20,obj,748.56,748.50,748.44,748.34,748.29,748.28,748.27,748.27,748.27,748.27,748.27,748.27,748.27,748.27,748.27,748.27,748.27,748.27,748.27,748.27,748.27,748.27,748.27,748.27,748.27,748.27,748.27,748.27,748.27,748.27,748.27,748.27,748.27,748.27,748.27,748.27,748.27,748.27,748.27,748.27,748.27,748.27,748.27,748.27,748.27,748.27,748.27,748.27,748.27,748.27,748.27,748.27,748.27,748.27,748.27,748.27,748.27,748.27,748.27,748.27,748.27,748.27,748.27,748.27,748.27,748.27,748.27,748.27,748.27,748.27,748.27,748.27,748.27,748.27,748.27,748.27,748.27,748.27,748.27,748.27,748.27,748.27,748.27,748.27,748.27,748.27,748.27,748.27,748.27,748.27,748.27,748.27,748.27,748.27,748.27,748.27,748.27,748.27,748.27,748.27
athlete_1000_10.csv,10,1.2709,100.00,676.17,676.17,11.42,0.02,16.71,4.00,0.100000,120.00,116.40,82.20,145.40,123.20,52.20,98.00,69.20,115.20,78.20,obj,680.82,680.03,677.72,676.86,676.31,676.17,676.17,676.17,676.17,676.17,676.17,676.17,676.17,676.17,676.17,676.17,676.17,676.17,676.17,676.17,676.17,676.17,676.17,676.17,676.17,676.17,676.17,676.17,676.17,676.17,676.17,676.17,676.17,676.17,676.17,676.17,676.17,676.17,676.17,676.17,676.17,676.17,676.17,676.17,676.17,676.17,676.17,676.17,676.17,676.17,676.17,676.17,676.17,676.17,676.17,676.17,676.17,676.17,676.17,676.17,676.17,676.17,676.17,676.17,676.17,676.17,676.17,676.17,676.17,676.17,676.17,676.17,676.17,676.17,676.17,676.17,676.17,676.17,676.17,676.17,676.17,676.17,676.17,676.17,676.17,676.17,676.17,676.17,676.17,676.17,676.17,676.17,676.17,676.17,676.17,676.17,676.17,676.17,676.17,676.17
census_1000_3.csv,3,0.4641,100.00,3456.94,3456.94,11.42,0.01,182.03,4.00,0.100000,323.80,434.80,241.40,obj,3457.18,3456.99,3456.94,3456.94,3456.94,3456.94,3456.94,3456.94,3456.94,3456.94,3456.94,3456.94,3456.94,3456.94,3456.94,3456.94,3456.94,3456.94,3456.94,3456.94,3456.94,3456.94,3456.94,3456.94,3456.94,3456.94,3456.94,3456.94,3456.94,3456.94,3456.94,3456.94,3456.94,3456.94,3456.94,3456.94,3456.94,3456.94,3456.94,3456.94,3456.94,3456.94,3456.94,3456.94,3456.94,3456.94,3456.94,3456.94,3456.94,3456.94,3456.94,3456.94,3456.94,3456.94,3456.94,3456.94,3456.94,3456.94,3456.94,3456.94,3456.94,3456.94,3456.94,3456.94,3456.94,3456.94,3456.94,3456.94,3456.94,3456.94,3456.94,3456.94,3456.94,3456.94,3456.94,3456.94,3456.94,3456.94,3456.94,3456.94,3456.94,3456.94,3456.94,3456.94,3456.94,3456.94,3456.94,3456.94,3456.94,3456.94,3456.94,3456.94,3456.94,3456.94,3456.94,3456.94,3456.94,3456.94,3456.94,3456.94
census_1000_4.csv,4,0.5836,100.00,2996.81,2996.81,11.42,0.00,290.50,4.00,0.100000,345.40,120.60,152.80,381.20,obj,3025.92,3025.89,3023.79,2997.02,2996.90,2996.82,2996.81,2996.81,2996.81,2996.81,2996.81,2996.81,2996.81,2996.81,2996.81,2996.81,2996.81,2996.81,2996.81,2996.81,2996.81,2996.81,2996.81,2996.81,2996.81,2996.81,2996.81,2996.81,2996.81,2996.81,2996.81,2996.81,2996.81,2996.81,2996.81,2996.81,2996.81,2996.81,2996.81,2996.81,2996.81,2996.81,2996.81,2996.81,2996.81,2996.81,2996.81,2996.81,2996.81,2996.81,2996.81,2996.81,2996.81,2996.81,2996.81,2996.81,2996.81,2996.81,2996.81,2996.81,2996.81,2996.81,2996.81,2996.81,2996.81,2996.81,2996.81,2996.81,2996.81,2996.81,2996.81,2996.81,2996.81,2996.81,2996.81,2996.81,2996.81,2996.81,2996.81,2996.81,2996.81,2996.81,2996.81,2996.81,2996.81,2996.81,2996.81,2996.81,2996.81,2996.81,2996.81,2996.81,2996.81,2996.81,2996.81,2996.81,2996.81,2996.81,2996.81,2996.81
census_1000_5.csv,5,0.7030,100.00,2403.25,2403.25,11.42,0.02,295.13,4.00,0.100000,330.60,190.40,254.80,42.60,181.60,obj,2408.44,2406.97,2406.39,2405.22,2404.17,2403.70,2403.36,2403.25,2403.25,2403.25,2403.25,2403.25,2403.25,2403.25,2403.25,2403.25,2403.25,2403.25,2403.25,2403.25,2403.25,2403.25,2403.25,2403.25,2403.25,2403.25,2403.25,2403.25,2403.25,2403.25,2403.25,2403.25,2403.25,2403.25,2403.25,2403.25,2403.25,2403.25,2403.25,2403.25,2403.25,2403.25,2403.25,2403.25,2403.25,2403.25,2403.25,2403.25,2403.25,2403.25,2403.25,2403.25,2403.25,2403.25,2403.25,2403.25,2403.25,2403.25,2403.25,2403.25,2403.25,2403.25,2403.25,2403.25,2403.25,2403.25,2403.25,2403.25,2403.25,2403.25,2403.25,2403.25,2403.25,2403.25,2403.25,2403.25,2403.25,2403.25,2403.25,2403.25,2403.25,2403.25,2403.25,2403.25,2403.25,2403.25,2403.25,2403.25,2403.25,2403.25,2403.25,2403.25,2403.25,2403.25,2403.25,2403.25,2403.25,2403.25,2403.25,2403.25
census_1000_6.csv,6,0.8103,100.00,1982.07,1982.07,11.42,0.02,220.42,4.00,0.100000,261.80,144.20,186.00,118.00,216.20,73.80,obj,2098.13,2097.88,2094.70,2090.33,2069.26,2028.23,1995.36,1995.21,1991.68,1985.85,1982.82,1982.23,1982.11,1982.07,1982.07,1982.07,1982.07,1982.07,1982.07,1982.07,1982.07,1982.07,1982.07,1982.07,1982.07,1982.07,1982.07,1982.07,1982.07,1982.07,1982.07,1982.07,1982.07,1982.07,1982.07,1982.07,1982.07,1982.07,1982.07,1982.07,1982.07,1982.07,1982.07,1982.07,1982.07,1982.07,1982.07,1982.07,1982.07,1982.07,1982.07,1982.07,1982.07,1982.07,1982.07,1982.07,1982.07,1982.07,1982.07,1982.07,1982.07,1982.07,1982.07,1982.07,1982.07,1982.07,1982.07,1982.07,1982.07,1982.07,1982.07,1982.07,1982.07,1982.07,1982.07,1982.07,1982.07,1982.07,1982.07,1982.07,1982.07,1982.07,1982.07,1982.07,1982.07,1982.07,1982.07,1982.07,1982.07,1982.07,1982.07,1982.07,1982.07,1982.07,1982.07,1982.07,1982.07,1982.07,1982.07,1982.07
census_1000_7.csv,7,0.9171,100.00,1875.60,1875.60,11.42,0.00,346.92,4.00,0.100000,263.00,155.80,90.40,78.00,149.80,134.60,128.40,obj,1877.11,1876.69,1875.86,1875.78,1875.74,1875.60,1875.60,1875.60,1875.60,1875.60,1875.60,1875.60,1875.60,1875.60,1875.60,1875.60,1875.60,1875.60,1875.60,1875.60,1875.60,1875.60,1875.60,1875.60,1875.60,1875.60,1875.60,1875.60,1875.60,1875.60,1875.60,1875.60,1875.60,1875.60,1875.60,1875.60,1875.60,1875.60,1875.60,1875.60,1875.60,1875.60,1875.60,1875.60,1875.60,1875.60,1875.60,1875.60,1875.60,1875.60,1875.60,1875.60,1875.60,1875.60,1875.60,1875.60,1875.60,1875.60,1875.60,1875.60,1875.60,1875.60,1875.60,1875.60,1875.60,1875.60,1875.60,1875.60,1875.60,1875.60,1875.60,1875.60,1875.60,1875.60,1875.60,1875.60,1875.60,1875.60,1875.60,1875.60,1875.60,1875.60,1875.60,1875.60,1875.60,1875.60,1875.60,1875.60,1875.60,1875.60,1875.60,1875.60,1875.60,1875.60,1875.60,1875.60,1875.60,1875.60,1875.60,1875.60
census_1000_8.csv,8,1.0499,100.00,1437.13,1437.13,11.42,0.01,317.33,4.00,0.100000,139.60,112.00,92.20,113.40,138.20,93.60,135.00,176.00,obj,1437.27,1437.15,1437.13,1437.13,1437.13,1437.13,1437.13,1437.13,1437.13,1437.13,1437.13,1437.13,1437.13,1437.13,1437.13,1437.13,1437.13,1437.13,1437.13,1437.13,1437.13,1437.13,1437.13,1437.13,1437.13,1437.13,1437.13,1437.13,1437.13,1437.13,1437.13,1437.13,1437.13,1437.13,1437.13,1437.13,1437.13,1437.13,1437.13,1437.13,1437.13,1437.13,1437.13,1437.13,1437.13,1437.13,1437.13,1437.13,1437.13,1437.13,1437.13,1437.13,1437.13,1437.13,1437.13,1437.13,1437.13,1437.13,1437.13,1437.13,1437.13,1437.13,1437.13,1437.13,1437.13,1437.13,1437.13,1437.13,1437.13,1437.13,1437.13,1437.13,1437.13,1437.13,1437.13,1437.13,1437.13,1437.13,1437.13,1437.13,1437.13,1437.13,1437.13,1437.13,1437.13,1437.13,1437.13,1437.13,1437.13,1437.13,1437.13,1437.13,1437.13,1437.13,1437.13,1437.13,1437.13,1437.13,1437.13,1437.13
census_1000_9.csv,9,1.1555,100.00,1269.03,1269.03,11.42,0.01,53.18,4.00,0.100000,90.40,80.00,93.40,65.40,205.00,207.60,98.40,117.80,42.00,obj,1273.97,1272.60,1272.09,1271.01,1270.36,1270.29,1269.97,1269.03,1269.03,1269.03,1269.03,1269.03,1269.03,1269.03,1269.03,1269.03,1269.03,1269.03,1269.03,1269.03,1269.03,1269.03,1269.03,1269.03,1269.03,1269.03,1269.03,1269.03,1269.03,1269.03,1269.03,1269.03,1269.03,1269.03,1269.03,1269.03,1269.03,1269.03,1269.03,1269.03,1269.03,1269.03,1269.03,1269.03,1269.03,1269.03,1269.03,1269.03,1269.03,1269.03,1269.03,1269.03,1269.03,1269.03,1269.03,1269.03,1269.03,1269.03,1269.03,1269.03,1269.03,1269.03,1269.03,1269.03,1269.03,1269.03,1269.03,1269.03,1269.03,1269.03,1269.03,1269.03,1269.03,1269.03,1269.03,1269.03,1269.03,1269.03,1269.03,1269.03,1269.03,1269.03,1269.03,1269.03,1269.03,1269.03,1269.03,1269.03,1269.03,1269.03,1269.03,1269.03,1269.03,1269.03,1269.03,1269.03,1269.03,1269.03,1269.03,1269.03
census_1000_10.csv,10,1.2684,100.00,1218.54,1218.54,11.42,0.01,64.10,4.00,0.100000,157.20,18.60,102.20,90.00,76.40,119.00,200.80,51.60,130.20,54.00,obj,1221.99,1219.45,1218.84,1218.55,1218.54,1218.54,1218.54,1218.54,1218.54,1218.54,1218.54,1218.54,1218.54,1218.54,1218.54,1218.54,1218.54,1218.54,1218.54,1218.54,1218.54,1218.54,1218.54,1218.54,1218.54,1218.54,1218.54,1218.54,1218.54,1218.54,1218.54,1218.54,1218.54,1218.54,1218.54,1218.54,1218.54,1218.54,1218.54,1218.54,1218.54,1218.54,1218.54,1218.54,1218.54,1218.54,1218.54,1218.54,1218.54,1218.54,1218.54,1218.54,1218.54,1218.54,1218.54,1218.54,1218.54,1218.54,1218.54,1218.54,1218.54,1218.54,1218.54,1218.54,1218.54,1218.54,1218.54,1218.54,1218.54,1218.54,1218.54,1218.54,1218.54,1218.54,1218.54,1218.54,1218.54,1218.54,1218.54,1218.54,1218.54,1218.54,1218.54,1218.54,1218.54,1218.54,1218.54,1218.54,1218.54,1218.54,1218.54,1218.54,1218.54,1218.54,1218.54,1218.54,1218.54,1218.54,1218.54,1218.54
Spanish_1000_3.csv,3,0.4599,100.00,2935.21,2935.21,11.42,0.00,284.60,4.00,0.100000,447.80,181.60,370.60,obj,2935.21,2935.21,2935.21,2935.21,2935.21,2935.21,2935.21,2935.21,2935.21,2935.21,2935.21,2935.21,2935.21,2935.21,2935.21,2935.21,2935.21,2935.21,2935.21,2935.21,2935.21,2935.21,2935.21,2935.21,2935.21,2935.21,2935.21,2935.21,2935.21,2935.21,2935.21,2935.21,2935.21,2935.21,2935.21,2935.21,2935.21,2935.21,2935.21,2935.21,2935.21,2935.21,2935.21,2935.21,2935.21,2935.21,2935.21,2935.21,2935.21,2935.21,2935.21,2935.21,2935.21,2935.21,2935.21,2935.21,2935.21,2935.21,2935.21,2935.21,2935.21,2935.21,2935.21,2935.21,2935.21,2935.21,2935.21,2935.21,2935.21,2935.21,2935.21,2935.21,2935.21,2935.21,2935.21,2935.21,2935.21,2935.21,2935.21,2935.21,2935.21,2935.21,2935.21,2935.21,2935.21,2935.21,2935.21,2935.21,2935.21,2935.21,2935.21,2935.21,2935.21,2935.21,2935.21,2935.21,2935.21,2935.21,2935.21,2935.21
Spanish_1000_4.csv,4,0.5745,100.00,2512.51,2512.51,11.42,0.00,87.42,4.00,0.100000,404.60,197.80,145.80,251.80,obj,2522.89,2521.96,2521.28,2513.98,2512.51,2512.51,2512.51,2512.51,2512.51,2512.51,2512.51,2512.51,2512.51,2512.51,2512.51,2512.51,2512.51,2512.51,2512.51,2512.51,2512.51,2512.51,2512.51,2512.51,2512.51,2512.51,2512.51,2512.51,2512.51,2512.51,2512.51,2512.51,2512.51,2512.51,2512.51,2512.51,2512.51,2512.51,2512.51,2512.51,2512.51,2512.51,2512.51,2512.51,2512.51,2512.51,2512.51,2512.51,2512.51,2512.51,2512.51,2512.51,2512.51,2512.51,2512.51,2512.51,2512.51,2512.51,2512.51,2512.51,2512.51,2512.51,2512.51,2512.51,2512.51,2512.51,2512.51,2512.51,2512.51,2512.51,2512.51,2512.51,2512.51,2512.51,2512.51,2512.51,2512.51,2512.51,2512.51,2512.51,2512.51,2512.51,2512.51,2512.51,2512.51,2512.51,2512.51,2512.51,2512.51,2512.51,2512.51,2512.51,2512.51,2512.51,2512.51,2512.51,2512.51,2512.51,2512.51,2512.51
Spanish_1000_5.csv,5,0.6964,100.00,2106.40,2106.40,11.42,0.01,92.42,4.00,0.100000,185.60,236.20,334.60,123.60,120.00,obj,2138.28,2124.69,2108.46,2106.40,2106.40,2106.40,2106.40,2106.40,2106.40,2106.40,2106.40,2106.40,2106.40,2106.40,2106.40,2106.40,2106.40,2106.40,2106.40,2106.40,2106.40,2106.40,2106.40,2106.40,2106.40,2106.40,2106.40,2106.40,2106.40,2106.40,2106.40,2106.40,2106.40,2106.40,2106.40,2106.40,2106.40,2106.40,2106.40,2106.40,2106.40,2106.40,2106.40,2106.40,2106.40,2106.40,2106.40,2106.40,2106.40,2106.40,2106.40,2106.40,2106.40,2106.40,2106.40,2106.40,2106.40,2106.40,2106.40,2106.40,2106.40,2106.40,2106.40,2106.40,2106.40,2106.40,2106.40,2106.40,2106.40,2106.40,2106.40,2106.40,2106.40,2106.40,2106.40,2106.40,2106.40,2106.40,2106.40,2106.40,2106.40,2106.40,2106.40,2106.40,2106.40,2106.40,2106.40,2106.40,2106.40,2106.40,2106.40,2106.40,2106.40,2106.40,2106.40,2106.40,2106.40,2106.40,2106.40,2106.40
Spanish_1000_6.csv,6,0.8067,100.00,1912.24,1912.24,11.42,0.01,89.66,4.00,0.100000,236.20,183.00,83.40,177.20,138.40,181.80,obj,1957.82,1921.13,1916.54,1912.76,1912.59,1912.33,1912.26,1912.24,1912.24,1912.24,1912.24,1912.24,1912.24,1912.24,1912.24,1912.24,1912.24,1912.24,1912.24,1912.24,1912.24,1912.24,1912.24,1912.24,1912.24,1912.24,1912.24,1912.24,1912.24,1912.24,1912.24,1912.24,1912.24,1912.24,1912.24,1912.24,1912.24,1912.24,1912.24,1912.24,1912.24,1912.24,1912.24,1912.24,1912.24,1912.24,1912.24,1912.24,1912.24,1912.24,1912.24,1912.24,1912.24,1912.24,1912.24,1912.24,1912.24,1912.24,1912.24,1912.24,1912.24,1912.24,1912.24,1912.24,1912.24,1912.24,1912.24,1912.24,1912.24,1912.24,1912.24,1912.24,1912.24,1912.24,1912.24,1912.24,1912.24,1912.24,1912.24,1912.24,1912.24,1912.24,1912.24,1912.24,1912.24,1912.24,1912.24,1912.24,1912.24,1912.24,1912.24,1912.24,1912.24,1912.24,1912.24,1912.24,1912.24,1912.24,1912.24,1912.24
Spanish_1000_7.csv,7,0.9230,100.00,1559.46,1559.46,11.42,0.01,123.94,4.00,0.100000,149.60,147.40,151.80,170.00,138.60,103.80,138.80,obj,1559.67,1559.46,1559.46,1559.46,1559.46,1559.46,1559.46,1559.46,1559.46,1559.46,1559.46,1559.46,1559.46,1559.46,1559.46,1559.46,1559.46,1559.46,1559.46,1559.46,1559.46,1559.46,1559.46,1559.46,1559.46,1559.46,1559.46,1559.46,1559.46,1559.46,1559.46,1559.46,1559.46,1559.46,1559.46,1559.46,1559.46,1559.46,1559.46,1559.46,1559.46,1559.46,1559.46,1559.46,1559.46,1559.46,1559.46,1559.46,1559.46,1559.46,1559.46,1559.46,1559.46,1559.46,1559.46,1559.46,1559.46,1559.46,1559.46,1559.46,1559.46,1559.46,1559.46,1559.46,1559.46,1559.46,1559.46,1559.46,1559.46,1559.46,1559.46,1559.46,1559.46,1559.46,1559.46,1559.46,1559.46,1559.46,1559.46,1559.46,1559.46,1559.46,1559.46,1559.46,1559.46,1559.46,1559.46,1559.46,1559.46,1559.46,1559.46,1559.46,1559.46,1559.46,1559.46,1559.46,1559.46,1559.46,1559.46,1559.46
Spanish_1000_8.csv,8,1.0493,100.00,1372.17,1372.17,11.42,0.02,82.12,4.00,0.100000,223.60,68.80,165.80,107.00,83.00,71.60,149.20,131.00,obj,1377.64,1373.58,1372.83,1372.56,1372.20,1372.17,1372.17,1372.17,1372.17,1372.17,1372.17,1372.17,1372.17,1372.17,1372.17,1372.17,1372.17,1372.17,1372.17,1372.17,1372.17,1372.17,1372.17,1372.17,1372.17,1372.17,1372.17,1372.17,1372.17,1372.17,1372.17,1372.17,1372.17,1372.17,1372.17,1372.17,1372.17,1372.17,1372.17,1372.17,1372.17,1372.17,1372.17,1372.17,1372.17,1372.17,1372.17,1372.17,1372.17,1372.17,1372.17,1372.17,1372.17,1372.17,1372.17,1372.17,1372.17,1372.17,1372.17,1372.17,1372.17,1372.17,1372.17,1372.17,1372.17,1372.17,1372.17,1372.17,1372.17,1372.17,1372.17,1372.17,1372.17,1372.17,1372.17,1372.17,1372.17,1372.17,1372.17,1372.17,1372.17,1372.17,1372.17,1372.17,1372.17,1372.17,1372.17,1372.17,1372.17,1372.17,1372.17,1372.17,1372.17,1372.17,1372.17,1372.17,1372.17,1372.17,1372.17,1372.17
Spanish_1000_9.csv,9,1.1672,100.00,977.01,977.01,11.42,0.01,64.26,4.00,0.100000,175.00,101.20,89.80,146.00,71.20,109.00,136.40,129.40,42.00,obj,995.01,977.16,977.01,977.01,977.01,977.01,977.01,977.01,977.01,977.01,977.01,977.01,977.01,977.01,977.01,977.01,977.01,977.01,977.01,977.01,977.01,977.01,977.01,977.01,977.01,977.01,977.01,977.01,977.01,977.01,977.01,977.01,977.01,977.01,977.01,977.01,977.01,977.01,977.01,977.01,977.01,977.01,977.01,977.01,977.01,977.01,977.01,977.01,977.01,977.01,977.01,977.01,977.01,977.01,977.01,977.01,977.01,977.01,977.01,977.01,977.01,977.01,977.01,977.01,977.01,977.01,977.01,977.01,977.01,977.01,977.01,977.01,977.01,977.01,977.01,977.01,977.01,977.01,977.01,977.01,977.01,977.01,977.01,977.01,977.01,977.01,977.01,977.01,977.01,977.01,977.01,977.01,977.01,977.01,977.01,977.01,977.01,977.01,977.01,977.01
Spanish_1000_10.csv,10,1.2690,100.00,1092.29,1092.29,11.42,0.01,39.93,4.00,0.100000,132.80,111.20,36.20,97.80,133.80,134.80,106.20,42.00,80.00,125.20,obj,1092.77,1092.29,1092.29,1092.29,1092.29,1092.29,1092.29,1092.29,1092.29,1092.29,1092.29,1092.29,1092.29,1092.29,1092.29,1092.29,1092.29,1092.29,1092.29,1092.29,1092.29,1092.29,1092.29,1092.29,1092.29,1092.29,1092.29,1092.29,1092.29,1092.29,1092.29,1092.29,1092.29,1092.29,1092.29,1092.29,1092.29,1092.29,1092.29,1092.29,1092.29,1092.29,1092.29,1092.29,1092.29,1092.29,1092.29,1092.29,1092.29,1092.29,1092.29,1092.29,1092.29,1092.29,1092.29,1092.29,1092.29,1092.29,1092.29,1092.29,1092.29,1092.29,1092.29,1092.29,1092.29,1092.29,1092.29,1092.29,1092.29,1092.29,1092.29,1092.29,1092.29,1092.29,1092.29,1092.29,1092.29,1092.29,1092.29,1092.29,1092.29,1092.29,1092.29,1092.29,1092.29,1092.29,1092.29,1092.29,1092.29,1092.29,1092.29,1092.29,1092.29,1092.29,1092.29,1092.29,1092.29,1092.29,1092.29,1092.29
student_1000_3.csv,3,0.4606,100.00,850.88,850.88,11.42,0.01,174.91,4.00,0.100000,564.00,294.20,141.80,obj,850.88,850.88,850.88,850.88,850.88,850.88,850.88,850.88,850.88,850.88,850.88,850.88,850.88,850.88,850.88,850.88,850.88,850.88,850.88,850.88,850.88,850.88,850.88,850.88,850.88,850.88,850.88,850.88,850.88,850.88,850.88,850.88,850.88,850.88,850.88,850.88,850.88,850.88,850.88,850.88,850.88,850.88,850.88,850.88,850.88,850.88,850.88,850.88,850.88,850.88,850.88,850.88,850.88,850.88,850.88,850.88,850.88,850.88,850.88,850.88,850.88,850.88,850.88,850.88,850.88,850.88,850.88,850.88,850.88,850.88,850.88,850.88,850.88,850.88,850.88,850.88,850.88,850.88,850.88,850.88,850.88,850.88,850.88,850.88,850.88,850.88,850.88,850.88,850.88,850.88,850.88,850.88,850.88,850.88,850.88,850.88,850.88,850.88,850.88,850.88
student_1000_4.csv,4,0.5782,100.00,678.98,678.98,11.42,0.00,115.54,4.00,0.100000,392.60,513.00,46.60,47.80,obj,678.98,678.98,678.98,678.98,678.98,678.98,678.98,678.98,678.98,678.98,678.98,678.98,678.98,678.98,678.98,678.98,678.98,678.98,678.98,678.98,678.98,678.98,678.98,678.98,678.98,678.98,678.98,678.98,678.98,678.98,678.98,678.98,678.98,678.98,678.98,678.98,678.98,678.98,678.98,678.98,678.98,678.98,678.98,678.98,678.98,678.98,678.98,678.98,678.98,678.98,678.98,678.98,678.98,678.98,678.98,678.98,678.98,678.98,678.98,678.98,678.98,678.98,678.98,678.98,678.98,678.98,678.98,678.98,678.98,678.98,678.98,678.98,678.98,678.98,678.98,678.98,678.98,678.98,678.98,678.98,678.98,678.98,678.98,678.98,678.98,678.98,678.98,678.98,678.98,678.98,678.98,678.98,678.98,678.98,678.98,678.98,678.98,678.98,678.98,678.98
student_1000_5.csv,5,0.6926,100.00,397.32,397.32,11.42,0.01,117.39,4.00,0.100000,424.00,347.80,39.60,137.60,51.00,obj,397.32,397.32,397.32,397.32,397.32,397.32,397.32,397.32,397.32,397.32,397.32,397.32,397.32,397.32,397.32,397.32,397.32,397.32,397.32,397.32,397.32,397.32,397.32,397.32,397.32,397.32,397.32,397.32,397.32,397.32,397.32,397.32,397.32,397.32,397.32,397.32,397.32,397.32,397.32,397.32,397.32,397.32,397.32,397.32,397.32,397.32,397.32,397.32,397.32,397.32,397.32,397.32,397.32,397.32,397.32,397.32,397.32,397.32,397.32,397.32,397.32,397.32,397.32,397.32,397.32,397.32,397.32,397.32,397.32,397.32,397.32,397.32,397.32,397.32,397.32,397.32,397.32,397.32,397.32,397.32,397.32,397.32,397.32,397.32,397.32,397.32,397.32,397.32,397.32,397.32,397.32,397.32,397.32,397.32,397.32,397.32,397.32,397.32,397.32,397.32
student_1000_6.csv,6,0.8042,100.00,304.08,304.08,11.42,0.01,30.53,4.00,0.100000,431.40,224.40,80.00,89.60,131.00,43.60,obj,304.08,304.08,304.08,304.08,304.08,304.08,304.08,304.08,304.08,304.08,304.08,304.08,304.08,304.08,304.08,304.08,304.08,304.08,304.08,304.08,304.08,304.08,304.08,304.08,304.08,304.08,304.08,304.08,304.08,304.08,304.08,304.08,304.08,304.08,304.08,304.08,304.08,304.08,304.08,304.08,304.08,304.08,304.08,304.08,304.08,304.08,304.08,304.08,304.08,304.08,304.08,304.08,304.08,304.08,304.08,304.08,304.08,304.08,304.08,304.08,304.08,304.08,304.08,304.08,304.08,304.08,304.08,304.08,304.08,304.08,304.08,304.08,304.08,304.08,304.08,304.08,304.08,304.08,304.08,304.08,304.08,304.08,304.08,304.08,304.08,304.08,304.08,304.08,304.08,304.08,304.08,304.08,304.08,304.08,304.08,304.08,304.08,304.08,304.08,304.08
student_1000_7.csv,7,0.9208,100.00,315.32,315.32,11.42,0.00,102.95,4.00,0.100000,436.80,271.80,79.80,36.20,59.80,88.20,27.40,obj,369.20,338.79,316.25,315.32,315.32,315.32,315.32,315.32,315.32,315.32,315.32,315.32,315.32,315.32,315.32,315.32,315.32,315.32,315.32,315.32,315.32,315.32,315.32,315.32,315.32,315.32,315.32,315.32,315.32,315.32,315.32,315.32,315.32,315.32,315.32,315.32,315.32,315.32,315.32,315.32,315.32,315.32,315.32,315.32,315.32,315.32,315.32,315.32,315.32,315.32,315.32,315.32,315.32,315.32,315.32,315.32,315.32,315.32,315.32,315.32,315.32,315.32,315.32,315.32,315.32,315.32,315.32,315.32,315.32,315.32,315.32,315.32,315.32,315.32,315.32,315.32,315.32,315.32,315.32,315.32,315.32,315.32,315.32,315.32,315.32,315.32,315.32,315.32,315.32,315.32,315.32,315.32,315.32,315.32,315.32,315.32,315.32,315.32,315.32,315.32
student_1000_8.csv,8,1.0353,100.00,201.88,201.88,11.42,0.01,31.16,4.00,0.100000,226.80,283.40,129.80,60.60,37.60,119.80,122.00,20.00,obj,201.88,201.88,201.88,201.88,201.88,201.88,201.88,201.88,201.88,201.88,201.88,201.88,201.88,201.88,201.88,201.88,201.88,201.88,201.88,201.88,201.88,201.88,201.88,201.88,201.88,201.88,201.88,201.88,201.88,201.88,201.88,201.88,201.88,201.88,201.88,201.88,201.88,201.88,201.88,201.88,201.88,201.88,201.88,201.88,201.88,201.88,201.88,201.88,201.88,201.88,201.88,201.88,201.88,201.88,201.88,201.88,201.88,201.88,201.88,201.88,201.88,201.88,201.88,201.88,201.88,201.88,201.88,201.88,201.88,201.88,201.88,201.88,201.88,201.88,201.88,201.88,201.88,201.88,201.88,201.88,201.88,201.88,201.88,201.88,201.88,201.88,201.88,201.88,201.88,201.88,201.88,201.88,201.88,201.88,201.88,201.88,201.88,201.88,201.88,201.88
student_1000_9.csv,9,1.1583,100.00,145.51,145.51,11.42,0.02,26.43,4.00,0.100000,497.00,175.00,50.40,68.20,36.40,32.20,59.60,33.60,47.60,obj,145.51,145.51,145.51,145.51,145.51,145.51,145.51,145.51,145.51,145.51,145.51,145.51,145.51,145.51,145.51,145.51,145.51,145.51,145.51,145.51,145.51,145.51,145.51,145.51,145.51,145.51,145.51,145.51,145.51,145.51,145.51,145.51,145.51,145.51,145.51,145.51,145.51,145.51,145.51,145.51,145.51,145.51,145.51,145.51,145.51,145.51,145.51,145.51,145.51,145.51,145.51,145.51,145.51,145.51,145.51,145.51,145.51,145.51,145.51,145.51,145.51,145.51,145.51,145.51,145.51,145.51,145.51,145.51,145.51,145.51,145.51,145.51,145.51,145.51,145.51,145.51,145.51,145.51,145.51,145.51,145.51,145.51,145.51,145.51,145.51,145.51,145.51,145.51,145.51,145.51,145.51,145.51,145.51,145.51,145.51,145.51,145.51,145.51,145.51,145.51
student_1000_10.csv,10,1.2710,100.00,103.73,103.73,11.42,0.01,25.57,4.00,0.100000,308.60,121.40,51.20,130.60,96.00,16.20,54.80,114.80,25.80,80.60,obj,104.77,103.73,103.73,103.73,103.73,103.73,103.73,103.73,103.73,103.73,103.73,103.73,103.73,103.73,103.73,103.73,103.73,103.73,103.73,103.73,103.73,103.73,103.73,103.73,103.73,103.73,103.73,103.73,103.73,103.73,103.73,103.73,103.73,103.73,103.73,103.73,103.73,103.73,103.73,103.73,103.73,103.73,103.73,103.73,103.73,103.73,103.73,103.73,103.73,103.73,103.73,103.73,103.73,103.73,103.73,103.73,103.73,103.73,103.73,103.73,103.73,103.73,103.73,103.73,103.73,103.73,103.73,103.73,103.73,103.73,103.73,103.73,103.73,103.73,103.73,103.73,103.73,103.73,103.73,103.73,103.73,103.73,103.73,103.73,103.73,103.73,103.73,103.73,103.73,103.73,103.73,103.73,103.73,103.73,103.73,103.73,103.73,103.73,103.73,103.73
pricerunner_1000_3.csv,3,0.4566,100.00,1432.86,1432.86,11.42,0.01,59.21,4.00,0.100000,281.40,378.20,340.40,obj,1432.86,1432.86,1432.86,1432.86,1432.86,1432.86,1432.86,1432.86,1432.86,1432.86,1432.86,1432.86,1432.86,1432.86,1432.86,1432.86,1432.86,1432.86,1432.86,1432.86,1432.86,1432.86,1432.86,1432.86,1432.86,1432.86,1432.86,1432.86,1432.86,1432.86,1432.86,1432.86,1432.86,1432.86,1432.86,1432.86,1432.86,1432.86,1432.86,1432.86,1432.86,1432.86,1432.86,1432.86,1432.86,1432.86,1432.86,1432.86,1432.86,1432.86,1432.86,1432.86,1432.86,1432.86,1432.86,1432.86,1432.86,1432.86,1432.86,1432.86,1432.86,1432.86,1432.86,1432.86,1432.86,1432.86,1432.86,1432.86,1432.86,1432.86,1432.86,1432.86,1432.86,1432.86,1432.86,1432.86,1432.86,1432.86,1432.86,1432.86,1432.86,1432.86,1432.86,1432.86,1432.86,1432.86,1432.86,1432.86,1432.86,1432.86,1432.86,1432.86,1432.86,1432.86,1432.86,1432.86,1432.86,1432.86,1432.86,1432.86
pricerunner_1000_4.csv,4,0.5779,100.00,829.00,829.00,11.42,0.01,0.00,4.00,0.100000,233.80,238.60,268.20,259.40,obj,829.00,829.00,829.00,829.00,829.00,829.00,829.00,829.00,829.00,829.00,829.00,829.00,829.00,829.00,829.00,829.00,829.00,829.00,829.00,829.00,829.00,829.00,829.00,829.00,829.00,829.00,829.00,829.00,829.00,829.00,829.00,829.00,829.00,829.00,829.00,829.00,829.00,829.00,829.00,829.00,829.00,829.00,829.00,829.00,829.00,829.00,829.00,829.00,829.00,829.00,829.00,829.00,829.00,829.00,829.00,829.00,829.00,829.00,829.00,829.00,829.00,829.00,829.00,829.00,829.00,829.00,829.00,829.00,829.00,829.00,829.00,829.00,829.00,829.00,829.00,829.00,829.00,829.00,829.00,829.00,829.00,829.00,829.00,829.00,829.00,829.00,829.00,829.00,829.00,829.00,829.00,829.00,829.00,829.00,829.00,829.00,829.00,829.00,829.00,829.00
pricerunner_1000_5.csv,5,0.6941,100.00,740.31,740.31,11.42,0.00,96.30,4.00,0.100000,241.40,238.60,131.20,181.20,207.60,obj,744.78,740.31,740.31,740.31,740.31,740.31,740.31,740.31,740.31,740.31,740.31,740.31,740.31,740.31,740.31,740.31,740.31,740.31,740.31,740.31,740.31,740.31,740.31,740.31,740.31,740.31,740.31,740.31,740.31,740.31,740.31,740.31,740.31,740.31,740.31,740.31,740.31,740.31,740.31,740.31,740.31,740.31,740.31,740.31,740.31,740.31,740.31,740.31,740.31,740.31,740.31,740.31,740.31,740.31,740.31,740.31,740.31,740.31,740.31,740.31,740.31,740.31,740.31,740.31,740.31,740.31,740.31,740.31,740.31,740.31,740.31,740.31,740.31,740.31,740.31,740.31,740.31,740.31,740.31,740.31,740.31,740.31,740.31,740.31,740.31,740.31,740.31,740.31,740.31,740.31,740.31,740.31,740.31,740.31,740.31,740.31,740.31,740.31,740.31,740.31
pricerunner_1000_6.csv,6,0.8060,100.00,565.52,565.52,11.42,0.01,70.97,4.00,0.100000,133.40,238.20,166.60,178.80,142.20,140.80,obj,565.52,565.52,565.52,565.52,565.52,565.52,565.52,565.52,565.52,565.52,565.52,565.52,565.52,565.52,565.52,565.52,565.52,565.52,565.52,565.52,565.52,565.52,565.52,565.52,565.52,565.52,565.52,565.52,565.52,565.52,565.52,565.52,565.52,565.52,565.52,565.52,565.52,565.52,565.52,565.52,565.52,565.52,565.52,565.52,565.52,565.52,565.52,565.52,565.52,565.52,565.52,565.52,565.52,565.52,565.52,565.52,565.52,565.52,565.52,565.52,565.52,565.52,565.52,565.52,565.52,565.52,565.52,565.52,565.52,565.52,565.52,565.52,565.52,565.52,565.52,565.52,565.52,565.52,565.52,565.52,565.52,565.52,565.52,565.52,565.52,565.52,565.52,565.52,565.52,565.52,565.52,565.52,565.52,565.52,565.52,565.52,565.52,565.52,565.52,565.52
pricerunner_1000_7.csv,7,0.9352,100.00,424.80,424.80,11.42,0.01,40.99,4.00,0.100000,126.20,128.20,97.40,224.60,167.20,130.20,126.20,obj,429.29,425.50,424.80,424.80,424.80,424.80,424.80,424.80,424.80,424.80,424.80,424.80,424.80,424.80,424.80,424.80,424.80,424.80,424.80,424.80,424.80,424.80,424.80,424.80,424.80,424.80,424.80,424.80,424.80,424.80,424.80,424.80,424.80,424.80,424.80,424.80,424.80,424.80,424.80,424.80,424.80,424.80,424.80,424.80,424.80,424.80,424.80,424.80,424.80,424.80,424.80,424.80,424.80,424.80,424.80,424.80,424.80,424.80,424.80,424.80,424.80,424.80,424.80,424.80,424.80,424.80,424.80,424.80,424.80,424.80,424.80,424.80,424.80,424.80,424.80,424.80,424.80,424.80,424.80,424.80,424.80,424.80,424.80,424.80,424.80,424.80,424.80,424.80,424.80,424.80,424.80,424.80,424.80,424.80,424.80,424.80,424.80,424.80,424.80,424.80
pricerunner_1000_8.csv,8,1.0353,100.00,359.01,359.01,11.42,0.01,84.74,4.00,0.100000,159.80,122.40,116.40,182.40,109.80,124.80,78.40,106.00,obj,359.01,359.01,359.01,359.01,359.01,359.01,359.01,359.01,359.01,359.01,359.01,359.01,359.01,359.01,359.01,359.01,359.01,359.01,359.01,359.01,359.01,359.01,359.01,359.01,359.01,359.01,359.01,359.01,359.01,359.01,359.01,359.01,359.01,359.01,359.01,359.01,359.01,359.01,359.01,359.01,359.01,359.01,359.01,359.01,359.01,359.01,359.01,359.01,359.01,359.01,359.01,359.01,359.01,359.01,359.01,359.01,359.01,359.01,359.01,359.01,359.01,359.01,359.01,359.01,359.01,359.01,359.01,359.01,359.01,359.01,359.01,359.01,359.01,359.01,359.01,359.01,359.01,359.01,359.01,359.01,359.01,359.01,359.01,359.01,359.01,359.01,359.01,359.01,359.01,359.01,359.01,359.01,359.01,359.01,359.01,359.01,359.01,359.01,359.01,359.01
pricerunner_1000_9.csv,9,1.1610,100.00,250.23,250.23,11.42,0.01,46.59,4.00,0.100000,91.20,127.40,170.40,99.40,92.40,120.60,78.80,103.00,116.80,obj,250.23,250.23,250.23,250.23,250.23,250.23,250.23,250.23,250.23,250.23,250.23,250.23,250.23,250.23,250.23,250.23,250.23,250.23,250.23,250.23,250.23,250.23,250.23,250.23,250.23,250.23,250.23,250.23,250.23,250.23,250.23,250.23,250.23,250.23,250.23,250.23,250.23,250.23,250.23,250.23,250.23,250.23,250.23,250.23,250.23,250.23,250.23,250.23,250.23,250.23,250.23,250.23,250.23,250.23,250.23,250.23,250.23,250.23,250.23,250.23,250.23,250.23,250.23,250.23,250.23,250.23,250.23,250.23,250.23,250.23,250.23,250.23,250.23,250.23,250.23,250.23,250.23,250.23,250.23,250.23,250.23,250.23,250.23,250.23,250.23,250.23,250.23,250.23,250.23,250.23,250.23,250.23,250.23,250.23,250.23,250.23,250.23,250.23,250.23,250.23
pricerunner_1000_10.csv,10,1.2753,100.00,236.86,236.86,11.42,0.01,31.92,4.00,0.100000,136.20,119.60,66.60,107.80,113.80,98.00,96.20,107.20,102.20,52.40,obj,236.86,236.86,236.86,236.86,236.86,236.86,236.86,236.86,236.86,236.86,236.86,236.86,236.86,236.86,236.86,236.86,236.86,236.86,236.86,236.86,236.86,236.86,236.86,236.86,236.86,236.86,236.86,236.86,236.86,236.86,236.86,236.86,236.86,236.86,236.86,236.86,236.86,236.86,236.86,236.86,236.86,236.86,236.86,236.86,236.86,236.86,236.86,236.86,236.86,236.86,236.86,236.86,236.86,236.86,236.86,236.86,236.86,236.86,236.86,236.86,236.86,236.86,236.86,236.86,236.86,236.86,236.86,236.86,236.86,236.86,236.86,236.86,236.86,236.86,236.86,236.86,236.86,236.86,236.86,236.86,236.86,236.86,236.86,236.86,236.86,236.86,236.86,236.86,236.86,236.86,236.86,236.86,236.86,236.86,236.86,236.86,236.86,236.86,236.86,236.86
cohort_1000_3.csv,3,0.4621,100.00,1354.13,1354.13,11.42,0.00,63.24,4.00,0.100000,684.80,103.60,211.60,obj,1354.13,1354.13,1354.13,1354.13,1354.13,1354.13,1354.13,1354.13,1354.13,1354.13,1354.13,1354.13,1354.13,1354.13,1354.13,1354.13,1354.13,1354.13,1354.13,1354.13,1354.13,1354.13,1354.13,1354.13,1354.13,1354.13,1354.13,1354.13,1354.13,1354.13,1354.13,1354.13,1354.13,1354.13,1354.13,1354.13,1354.13,1354.13,1354.13,1354.13,1354.13,1354.13,1354.13,1354.13,1354.13,1354.13,1354.13,1354.13,1354.13,1354.13,1354.13,1354.13,1354.13,1354.13,1354.13,1354.13,1354.13,1354.13,1354.13,1354.13,1354.13,1354.13,1354.13,1354.13,1354.13,1354.13,1354.13,1354.13,1354.13,1354.13,1354.13,1354.13,1354.13,1354.13,1354.13,1354.13,1354.13,1354.13,1354.13,1354.13,1354.13,1354.13,1354.13,1354.13,1354.13,1354.13,1354.13,1354.13,1354.13,1354.13,1354.13,1354.13,1354.13,1354.13,1354.13,1354.13,1354.13,1354.13,1354.13,1354.13
cohort_1000_4.csv,4,0.5850,100.00,514.70,514.70,11.42,0.01,31.79,4.00,0.100000,430.20,230.80,215.40,123.60,obj,514.70,514.70,514.70,514.70,514.70,514.70,514.70,514.70,514.70,514.70,514.70,514.70,514.70,514.70,514.70,514.70,514.70,514.70,514.70,514.70,514.70,514.70,514.70,514.70,514.70,514.70,514.70,514.70,514.70,514.70,514.70,514.70,514.70,514.70,514.70,514.70,514.70,514.70,514.70,514.70,514.70,514.70,514.70,514.70,514.70,514.70,514.70,514.70,514.70,514.70,514.70,514.70,514.70,514.70,514.70,514.70,514.70,514.70,514.70,514.70,514.70,514.70,514.70,514.70,514.70,514.70,514.70,514.70,514.70,514.70,514.70,514.70,514.70,514.70,514.70,514.70,514.70,514.70,514.70,514.70,514.70,514.70,514.70,514.70,514.70,514.70,514.70,514.70,514.70,514.70,514.70,514.70,514.70,514.70,514.70,514.70,514.70,514.70,514.70,514.70
cohort_1000_5.csv,5,0.6916,100.00,373.59,373.59,11.42,0.00,26.61,4.00,0.100000,299.00,261.00,208.20,112.60,119.20,obj,373.59,373.59,373.59,373.59,373.59,373.59,373.59,373.59,373.59,373.59,373.59,373.59,373.59,373.59,373.59,373.59,373.59,373.59,373.59,373.59,373.59,373.59,373.59,373.59,373.59,373.59,373.59,373.59,373.59,373.59,373.59,373.59,373.59,373.59,373.59,373.59,373.59,373.59,373.59,373.59,373.59,373.59,373.59,373.59,373.59,373.59,373.59,373.59,373.59,373.59,373.59,373.59,373.59,373.59,373.59,373.59,373.59,373.59,373.59,373.59,373.59,373.59,373.59,373.59,373.59,373.59,373.59,373.59,373.59,373.59,373.59,373.59,373.59,373.59,373.59,373.59,373.59,373.59,373.59,373.59,373.59,373.59,373.59,373.59,373.59,373.59,373.59,373.59,373.59,373.59,373.59,373.59,373.59,373.59,373.59,373.59,373.59,373.59,373.59,373.59
cohort_1000_6.csv,6,0.8094,100.00,302.83,302.83,11.42,0.01,29.63,4.00,0.100000,286.20,193.00,100.40,183.80,175.20,61.40,obj,302.83,302.83,302.83,302.83,302.83,302.83,302.83,302.83,302.83,302.83,302.83,302.83,302.83,302.83,302.83,302.83,302.83,302.83,302.83,302.83,302.83,302.83,302.83,302.83,302.83,302.83,302.83,302.83,302.83,302.83,302.83,302.83,302.83,302.83,302.83,302.83,302.83,302.83,302.83,302.83,302.83,302.83,302.83,302.83,302.83,302.83,302.83,302.83,302.83,302.83,302.83,302.83,302.83,302.83,302.83,302.83,302.83,302.83,302.83,302.83,302.83,302.83,302.83,302.83,302.83,302.83,302.83,302.83,302.83,302.83,302.83,302.83,302.83,302.83,302.83,302.83,302.83,302.83,302.83,302.83,302.83,302.83,302.83,302.83,302.83,302.83,302.83,302.83,302.83,302.83,302.83,302.83,302.83,302.83,302.83,302.83,302.83,302.83,302.83,302.83
cohort_1000_7.csv,7,0.9214,100.00,200.04,200.04,11.42,0.01,32.85,4.00,0.100000,376.20,110.40,249.40,32.60,121.20,61.80,48.40,obj,200.04,200.04,200.04,200.04,200.04,200.04,200.04,200.04,200.04,200.04,200.04,200.04,200.04,200.04,200.04,200.04,200.04,200.04,200.04,200.04,200.04,200.04,200.04,200.04,200.04,200.04,200.04,200.04,200.04,200.04,200.04,200.04,200.04,200.04,200.04,200.04,200.04,200.04,200.04,200.04,200.04,200.04,200.04,200.04,200.04,200.04,200.04,200.04,200.04,200.04,200.04,200.04,200.04,200.04,200.04,200.04,200.04,200.04,200.04,200.04,200.04,200.04,200.04,200.04,200.04,200.04,200.04,200.04,200.04,200.04,200.04,200.04,200.04,200.04,200.04,200.04,200.04,200.04,200.04,200.04,200.04,200.04,200.04,200.04,200.04,200.04,200.04,200.04,200.04,200.04,200.04,200.04,200.04,200.04,200.04,200.04,200.04,200.04,200.04,200.04
cohort_1000_8.csv,8,1.0421,100.00,165.67,165.67,11.42,0.01,51.28,4.00,0.100000,257.80,157.40,236.20,120.20,47.20,107.20,43.80,30.20,obj,165.67,165.67,165.67,165.67,165.67,165.67,165.67,165.67,165.67,165.67,165.67,165.67,165.67,165.67,165.67,165.67,165.67,165.67,165.67,165.67,165.67,165.67,165.67,165.67,165.67,165.67,165.67,165.67,165.67,165.67,165.67,165.67,165.67,165.67,165.67,165.67,165.67,165.67,165.67,165.67,165.67,165.67,165.67,165.67,165.67,165.67,165.67,165.67,165.67,165.67,165.67,165.67,165.67,165.67,165.67,165.67,165.67,165.67,165.67,165.67,165.67,165.67,165.67,165.67,165.67,165.67,165.67,165.67,165.67,165.67,165.67,165.67,165.67,165.67,165.67,165.67,165.67,165.67,165.67,165.67,165.67,165.67,165.67,165.67,165.67,165.67,165.67,165.67,165.67,165.67,165.67,165.67,165.67,165.67,165.67,165.67,165.67,165.67,165.67,165.67
cohort_1000_9.csv,9,1.1590,100.00,151.63,151.63,11.42,0.00,46.24,4.00,0.100000,346.80,310.20,43.60,111.60,39.00,33.00,37.40,32.40,46.00,obj,151.63,151.63,151.63,151.63,151.63,151.63,151.63,151.63,151.63,151.63,151.63,151.63,151.63,151.63,151.63,151.63,151.63,151.63,151.63,151.63,151.63,151.63,151.63,151.63,151.63,151.63,151.63,151.63,151.63,151.63,151.63,151.63,151.63,151.63,151.63,151.63,151.63,151.63,151.63,151.63,151.63,151.63,151.63,151.63,151.63,151.63,151.63,151.63,151.63,151.63,151.63,151.63,151.63,151.63,151.63,151.63,151.63,151.63,151.63,151.63,151.63,151.63,151.63,151.63,151.63,151.63,151.63,151.63,151.63,151.63,151.63,151.63,151.63,151.63,151.63,151.63,151.63,151.63,151.63,151.63,151.63,151.63,151.63,151.63,151.63,151.63,151.63,151.63,151.63,151.63,151.63,151.63,151.63,151.63,151.63,151.63,151.63,151.63,151.63,151.63
cohort_1000_10.csv,10,1.2695,100.00,115.52,115.52,11.42,0.01,38.56,4.00,0.100000,332.40,40.80,89.20,173.40,78.60,173.80,19.60,44.20,20.80,27.20,obj,115.52,115.52,115.52,115.52,115.52,115.52,115.52,115.52,115.52,115.52,115.52,115.52,115.52,115.52,115.52,115.52,115.52,115.52,115.52,115.52,115.52,115.52,115.52,115.52,115.52,115.52,115.52,115.52,115.52,115.52,115.52,115.52,115.52,115.52,115.52,115.52,115.52,115.52,115.52,115.52,115.52,115.52,115.52,115.52,115.52,115.52,115.52,115.52,115.52,115.52,115.52,115.52,115.52,115.52,115.52,115.52,115.52,115.52,115.52,115.52,115.52,115.52,115.52,115.52,115.52,115.52,115.52,115.52,115.52,115.52,115.52,115.52,115.52,115.52,115.52,115.52,115.52,115.52,115.52,115.52,115.52,115.52,115.52,115.52,115.52,115.52,115.52,115.52,115.52,115.52,115.52,115.52,115.52,115.52,115.52,115.52,115.52,115.52,115.52,115.52
diabeteshealthindicators1_1000_3.csv,3,0.5001,100.00,17768.92,17768.92,11.42,0.01,50.19,4.00,0.100000,313.80,389.60,296.60,obj,17829.61,17829.40,17829.11,17828.74,17828.26,17827.26,17826.35,17824.08,17822.73,17819.94,17813.66,17807.03,17804.37,17802.56,17798.28,17788.23,17780.04,17773.01,17771.45,17770.98,17769.71,17769.14,17768.93,17768.92,17768.92,17768.92,17768.92,17768.92,17768.92,17768.92,17768.92,17768.92,17768.92,17768.92,17768.92,17768.92,17768.92,17768.92,17768.92,17768.92,17768.92,17768.92,17768.92,17768.92,17768.92,17768.92,17768.92,17768.92,17768.92,17768.92,17768.92,17768.92,17768.92,17768.92,17768.92,17768.92,17768.92,17768.92,17768.92,17768.92,17768.92,17768.92,17768.92,17768.92,17768.92,17768.92,17768.92,17768.92,17768.92,17768.92,17768.92,17768.92,17768.92,17768.92,17768.92,17768.92,17768.92,17768.92,17768.92,17768.92,17768.92,17768.92,17768.92,17768.92,17768.92,17768.92,17768.92,17768.92,17768.92,17768.92,17768.92,17768.92,17768.92,17768.92,17768.92,17768.92,17768.92,17768.92,17768.92,17768.92
diabeteshealthindicators1_1000_4.csv,4,0.6178,100.00,16724.03,16724.03,11.42,0.01,118.04,4.00,0.100000,303.80,61.60,456.00,178.60,obj,16725.31,16724.92,16724.46,16724.18,16724.07,16724.03,16724.03,16724.03,16724.03,16724.03,16724.03,16724.03,16724.03,16724.03,16724.03,16724.03,16724.03,16724.03,16724.03,16724.03,16724.03,16724.03,16724.03,16724.03,16724.03,16724.03,16724.03,16724.03,16724.03,16724.03,16724.03,16724.03,16724.03,16724.03,16724.03,16724.03,16724.03,16724.03,16724.03,16724.03,16724.03,16724.03,16724.03,16724.03,16724.03,16724.03,16724.03,16724.03,16724.03,16724.03,16724.03,16724.03,16724.03,16724.03,16724.03,16724.03,16724.03,16724.03,16724.03,16724.03,16724.03,16724.03,16724.03,16724.03,16724.03,16724.03,16724.03,16724.03,16724.03,16724.03,16724.03,16724.03,16724.03,16724.03,16724.03,16724.03,16724.03,16724.03,16724.03,16724.03,16724.03,16724.03,16724.03,16724.03,16724.03,16724.03,16724.03,16724.03,16724.03,16724.03,16724.03,16724.03,16724.03,16724.03,16724.03,16724.03,16724.03,16724.03,16724.03,16724.03
diabeteshealthindicators1_1000_5.csv,5,0.7221,100.00,15821.27,15821.27,11.42,0.01,106.11,4.00,0.100000,353.00,164.80,92.20,79.60,310.40,obj,15887.62,15881.58,15866.43,15850.64,15846.33,15845.82,15845.09,15844.20,15839.81,15822.85,15821.27,15821.27,15821.27,15821.27,15821.27,15821.27,15821.27,15821.27,15821.27,15821.27,15821.27,15821.27,15821.27,15821.27,15821.27,15821.27,15821.27,15821.27,15821.27,15821.27,15821.27,15821.27,15821.27,15821.27,15821.27,15821.27,15821.27,15821.27,15821.27,15821.27,15821.27,15821.27,15821.27,15821.27,15821.27,15821.27,15821.27,15821.27,15821.27,15821.27,15821.27,15821.27,15821.27,15821.27,15821.27,15821.27,15821.27,15821.27,15821.27,15821.27,15821.27,15821.27,15821.27,15821.27,15821.27,15821.27,15821.27,15821.27,15821.27,15821.27,15821.27,15821.27,15821.27,15821.27,15821.27,15821.27,15821.27,15821.27,15821.27,15821.27,15821.27,15821.27,15821.27,15821.27,15821.27,15821.27,15821.27,15821.27,15821.27,15821.27,15821.27,15821.27,15821.27,15821.27,15821.27,15821.27,15821.27,15821.27,15821.27,15821.27
diabeteshealthindicators1_1000_6.csv,6,0.8368,100.00,15514.91,15514.91,11.42,0.01,318.60,4.00,0.100000,200.60,305.80,94.00,102.00,115.20,182.40,obj,15585.01,15579.74,15570.01,15564.23,15529.23,15518.48,15517.83,15517.22,15516.77,15516.49,15516.03,15515.96,15515.94,15515.81,15515.68,15515.05,15514.98,15514.92,15514.91,15514.91,15514.91,15514.91,15514.91,15514.91,15514.91,15514.91,15514.91,15514.91,15514.91,15514.91,15514.91,15514.91,15514.91,15514.91,15514.91,15514.91,15514.91,15514.91,15514.91,15514.91,15514.91,15514.91,15514.91,15514.91,15514.91,15514.91,15514.91,15514.91,15514.91,15514.91,15514.91,15514.91,15514.91,15514.91,15514.91,15514.91,15514.91,15514.91,15514.91,15514.91,15514.91,15514.91,15514.91,15514.91,15514.91,15514.91,15514.91,15514.91,15514.91,15514.91,15514.91,15514.91,15514.91,15514.91,15514.91,15514.91,15514.91,15514.91,15514.91,15514.91,15514.91,15514.91,15514.91,15514.91,15514.91,15514.91,15514.91,15514.91,15514.91,15514.91,15514.91,15514.91,15514.91,15514.91,15514.91,15514.91,15514.91,15514.91,15514.91,15514.91
diabeteshealthindicators1_1000_7.csv,7,0.9555,100.00,14656.14,14656.14,11.42,0.02,182.37,4.00,0.100000,246.80,79.60,73.40,159.00,158.80,159.20,123.20,obj,14712.77,14710.68,14708.81,14704.32,14680.84,14671.94,14666.87,14657.93,14656.14,14656.14,14656.14,14656.14,14656.14,14656.14,14656.14,14656.14,14656.14,14656.14,14656.14,14656.14,14656.14,14656.14,14656.14,14656.14,14656.14,14656.14,14656.14,14656.14,14656.14,14656.14,14656.14,14656.14,14656.14,14656.14,14656.14,14656.14,14656.14,14656.14,14656.14,14656.14,14656.14,14656.14,14656.14,14656.14,14656.14,14656.14,14656.14,14656.14,14656.14,14656.14,14656.14,14656.14,14656.14,14656.14,14656.14,14656.14,14656.14,14656.14,14656.14,14656.14,14656.14,14656.14,14656.14,14656.14,14656.14,14656.14,14656.14,14656.14,14656.14,14656.14,14656.14,14656.14,14656.14,14656.14,14656.14,14656.14,14656.14,14656.14,14656.14,14656.14,14656.14,14656.14,14656.14,14656.14,14656.14,14656.14,14656.14,14656.14,14656.14,14656.14,14656.14,14656.14,14656.14,14656.14,14656.14,14656.14,14656.14,14656.14,14656.14,14656.14
diabeteshealthindicators1_1000_8.csv,8,1.0589,100.00,14150.10,14150.10,11.42,0.01,191.15,4.00,0.100000,148.80,113.20,69.80,79.20,110.60,149.20,169.00,160.20,obj,14158.58,14156.12,14154.75,14154.46,14154.45,14154.32,14154.21,14153.79,14153.69,14152.50,14151.21,14150.63,14150.10,14150.10,14150.10,14150.10,14150.10,14150.10,14150.10,14150.10,14150.10,14150.10,14150.10,14150.10,14150.10,14150.10,14150.10,14150.10,14150.10,14150.10,14150.10,14150.10,14150.10,14150.10,14150.10,14150.10,14150.10,14150.10,14150.10,14150.10,14150.10,14150.10,14150.10,14150.10,14150.10,14150.10,14150.10,14150.10,14150.10,14150.10,14150.10,14150.10,14150.10,14150.10,14150.10,14150.10,14150.10,14150.10,14150.10,14150.10,14150.10,14150.10,14150.10,14150.10,14150.10,14150.10,14150.10,14150.10,14150.10,14150.10,14150.10,14150.10,14150.10,14150.10,14150.10,14150.10,14150.10,14150.10,14150.10,14150.10,14150.10,14150.10,14150.10,14150.10,14150.10,14150.10,14150.10,14150.10,14150.10,14150.10,14150.10,14150.10,14150.10,14150.10,14150.10,14150.10,14150.10,14150.10,14150.10,14150.10
diabeteshealthindicators1_1000_9.csv,9,1.1661,100.00,13866.38,13866.38,11.42,0.01,415.59,4.00,0.100000,158.60,84.40,131.40,73.00,112.20,75.00,129.60,123.60,112.20,obj,13889.54,13888.92,13887.98,13886.61,13883.20,13880.49,13876.39,13870.97,13869.50,13868.42,13866.69,13866.46,13866.43,13866.41,13866.39,13866.38,13866.38,13866.38,13866.38,13866.38,13866.38,13866.38,13866.38,13866.38,13866.38,13866.38,13866.38,13866.38,13866.38,13866.38,13866.38,13866.38,13866.38,13866.38,13866.38,13866.38,13866.38,13866.38,13866.38,13866.38,13866.38,13866.38,13866.38,13866.38,13866.38,13866.38,13866.38,13866.38,13866.38,13866.38,13866.38,13866.38,13866.38,13866.38,13866.38,13866.38,13866.38,13866.38,13866.38,13866.38,13866.38,13866.38,13866.38,13866.38,13866.38,13866.38,13866.38,13866.38,13866.38,13866.38,13866.38,13866.38,13866.38,13866.38,13866.38,13866.38,13866.38,13866.38,13866.38,13866.38,13866.38,13866.38,13866.38,13866.38,13866.38,13866.38,13866.38,13866.38,13866.38,13866.38,13866.38,13866.38,13866.38,13866.38,13866.38,13866.38,13866.38,13866.38,13866.38,13866.38
diabeteshealthindicators1_1000_10.csv,10,1.2881,100.00,13047.83,13047.83,11.42,0.02,299.78,4.00,0.100000,99.80,59.80,125.60,119.00,133.60,105.20,103.80,90.00,69.20,94.00,obj,13235.42,13166.67,13130.83,13115.02,13050.33,13047.83,13047.83,13047.83,13047.83,13047.83,13047.83,13047.83,13047.83,13047.83,13047.83,13047.83,13047.83,13047.83,13047.83,13047.83,13047.83,13047.83,13047.83,13047.83,13047.83,13047.83,13047.83,13047.83,13047.83,13047.83,13047.83,13047.83,13047.83,13047.83,13047.83,13047.83,13047.83,13047.83,13047.83,13047.83,13047.83,13047.83,13047.83,13047.83,13047.83,13047.83,13047.83,13047.83,13047.83,13047.83,13047.83,13047.83,13047.83,13047.83,13047.83,13047.83,13047.83,13047.83,13047.83,13047.83,13047.83,13047.83,13047.83,13047.83,13047.83,13047.83,13047.83,13047.83,13047.83,13047.83,13047.83,13047.83,13047.83,13047.83,13047.83,13047.83,13047.83,13047.83,13047.83,13047.83,13047.83,13047.83,13047.83,13047.83,13047.83,13047.83,13047.83,13047.83,13047.83,13047.83,13047.83,13047.83,13047.83,13047.83,13047.83,13047.83,13047.83,13047.83,13047.83,13047.83
NHANES_1000_3.csv,3,0.4586,100.00,6482.63,6482.63,11.42,0.00,64.63,4.00,0.100000,672.40,217.20,110.40,obj,6486.76,6486.70,6485.47,6483.66,6483.02,6482.72,6482.63,6482.63,6482.63,6482.63,6482.63,6482.63,6482.63,6482.63,6482.63,6482.63,6482.63,6482.63,6482.63,6482.63,6482.63,6482.63,6482.63,6482.63,6482.63,6482.63,6482.63,6482.63,6482.63,6482.63,6482.63,6482.63,6482.63,6482.63,6482.63,6482.63,6482.63,6482.63,6482.63,6482.63,6482.63,6482.63,6482.63,6482.63,6482.63,6482.63,6482.63,6482.63,6482.63,6482.63,6482.63,6482.63,6482.63,6482.63,6482.63,6482.63,6482.63,6482.63,6482.63,6482.63,6482.63,6482.63,6482.63,6482.63,6482.63,6482.63,6482.63,6482.63,6482.63,6482.63,6482.63,6482.63,6482.63,6482.63,6482.63,6482.63,6482.63,6482.63,6482.63,6482.63,6482.63,6482.63,6482.63,6482.63,6482.63,6482.63,6482.63,6482.63,6482.63,6482.63,6482.63,6482.63,6482.63,6482.63,6482.63,6482.63,6482.63,6482.63,6482.63,6482.63
NHANES_1000_4.csv,4,0.5743,100.00,5788.33,5788.33,11.42,0.00,337.11,4.00,0.100000,180.40,279.20,204.00,336.40,obj,5794.32,5788.37,5788.33,5788.33,5788.33,5788.33,5788.33,5788.33,5788.33,5788.33,5788.33,5788.33,5788.33,5788.33,5788.33,5788.33,5788.33,5788.33,5788.33,5788.33,5788.33,5788.33,5788.33,5788.33,5788.33,5788.33,5788.33,5788.33,5788.33,5788.33,5788.33,5788.33,5788.33,5788.33,5788.33,5788.33,5788.33,5788.33,5788.33,5788.33,5788.33,5788.33,5788.33,5788.33,5788.33,5788.33,5788.33,5788.33,5788.33,5788.33,5788.33,5788.33,5788.33,5788.33,5788.33,5788.33,5788.33,5788.33,5788.33,5788.33,5788.33,5788.33,5788.33,5788.33,5788.33,5788.33,5788.33,5788.33,5788.33,5788.33,5788.33,5788.33,5788.33,5788.33,5788.33,5788.33,5788.33,5788.33,5788.33,5788.33,5788.33,5788.33,5788.33,5788.33,5788.33,5788.33,5788.33,5788.33,5788.33,5788.33,5788.33,5788.33,5788.33,5788.33,5788.33,5788.33,5788.33,5788.33,5788.33,5788.33
NHANES_1000_5.csv,5,0.6987,100.00,5078.86,5078.86,11.42,0.01,101.71,4.00,0.100000,158.40,102.20,216.40,235.60,287.40,obj,5110.55,5105.48,5092.20,5078.89,5078.86,5078.86,5078.86,5078.86,5078.86,5078.86,5078.86,5078.86,5078.86,5078.86,5078.86,5078.86,5078.86,5078.86,5078.86,5078.86,5078.86,5078.86,5078.86,5078.86,5078.86,5078.86,5078.86,5078.86,5078.86,5078.86,5078.86,5078.86,5078.86,5078.86,5078.86,5078.86,5078.86,5078.86,5078.86,5078.86,5078.86,5078.86,5078.86,5078.86,5078.86,5078.86,5078.86,5078.86,5078.86,5078.86,5078.86,5078.86,5078.86,5078.86,5078.86,5078.86,5078.86,5078.86,5078.86,5078.86,5078.86,5078.86,5078.86,5078.86,5078.86,5078.86,5078.86,5078.86,5078.86,5078.86,5078.86,5078.86,5078.86,5078.86,5078.86,5078.86,5078.86,5078.86,5078.86,5078.86,5078.86,5078.86,5078.86,5078.86,5078.86,5078.86,5078.86,5078.86,5078.86,5078.86,5078.86,5078.86,5078.86,5078.86,5078.86,5078.86,5078.86,5078.86,5078.86,5078.86
NHANES_1000_6.csv,6,0.8077,100.00,4601.68,4601.68,11.42,0.01,260.36,4.00,0.100000,204.00,131.00,106.20,178.40,214.00,166.40,obj,4601.95,4601.70,4601.68,4601.68,4601.68,4601.68,4601.68,4601.68,4601.68,4601.68,4601.68,4601.68,4601.68,4601.68,4601.68,4601.68,4601.68,4601.68,4601.68,4601.68,4601.68,4601.68,4601.68,4601.68,4601.68,4601.68,4601.68,4601.68,4601.68,4601.68,4601.68,4601.68,4601.68,4601.68,4601.68,4601.68,4601.68,4601.68,4601.68,4601.68,4601.68,4601.68,4601.68,4601.68,4601.68,4601.68,4601.68,4601.68,4601.68,4601.68,4601.68,4601.68,4601.68,4601.68,4601.68,4601.68,4601.68,4601.68,4601.68,4601.68,4601.68,4601.68,4601.68,4601.68,4601.68,4601.68,4601.68,4601.68,4601.68,4601.68,4601.68,4601.68,4601.68,4601.68,4601.68,4601.68,4601.68,4601.68,4601.68,4601.68,4601.68,4601.68,4601.68,4601.68,4601.68,4601.68,4601.68,4601.68,4601.68,4601.68,4601.68,4601.68,4601.68,4601.68,4601.68,4601.68,4601.68,4601.68,4601.68,4601.68
NHANES_1000_7.csv,7,0.9241,100.00,4074.26,4074.26,11.42,0.01,172.44,4.00,0.100000,162.00,100.00,157.60,123.40,71.20,188.20,197.60,obj,4167.74,4158.92,4133.71,4128.89,4127.73,4127.16,4126.23,4124.35,4121.37,4118.56,4117.49,4116.55,4112.93,4085.11,4074.30,4074.26,4074.26,4074.26,4074.26,4074.26,4074.26,4074.26,4074.26,4074.26,4074.26,4074.26,4074.26,4074.26,4074.26,4074.26,4074.26,4074.26,4074.26,4074.26,4074.26,4074.26,4074.26,4074.26,4074.26,4074.26,4074.26,4074.26,4074.26,4074.26,4074.26,4074.26,4074.26,4074.26,4074.26,4074.26,4074.26,4074.26,4074.26,4074.26,4074.26,4074.26,4074.26,4074.26,4074.26,4074.26,4074.26,4074.26,4074.26,4074.26,4074.26,4074.26,4074.26,4074.26,4074.26,4074.26,4074.26,4074.26,4074.26,4074.26,4074.26,4074.26,4074.26,4074.26,4074.26,4074.26,4074.26,4074.26,4074.26,4074.26,4074.26,4074.26,4074.26,4074.26,4074.26,4074.26,4074.26,4074.26,4074.26,4074.26,4074.26,4074.26,4074.26,4074.26,4074.26,4074.26
NHANES_1000_8.csv,8,1.0409,100.00,3724.08,3724.08,11.42,0.01,172.04,4.00,0.100000,139.80,243.20,169.40,64.60,38.80,119.00,116.00,109.20,obj,3724.36,3724.16,3724.08,3724.08,3724.08,3724.08,3724.08,3724.08,3724.08,3724.08,3724.08,3724.08,3724.08,3724.08,3724.08,3724.08,3724.08,3724.08,3724.08,3724.08,3724.08,3724.08,3724.08,3724.08,3724.08,3724.08,3724.08,3724.08,3724.08,3724.08,3724.08,3724.08,3724.08,3724.08,3724.08,3724.08,3724.08,3724.08,3724.08,3724.08,3724.08,3724.08,3724.08,3724.08,3724.08,3724.08,3724.08,3724.08,3724.08,3724.08,3724.08,3724.08,3724.08,3724.08,3724.08,3724.08,3724.08,3724.08,3724.08,3724.08,3724.08,3724.08,3724.08,3724.08,3724.08,3724.08,3724.08,3724.08,3724.08,3724.08,3724.08,3724.08,3724.08,3724.08,3724.08,3724.08,3724.08,3724.08,3724.08,3724.08,3724.08,3724.08,3724.08,3724.08,3724.08,3724.08,3724.08,3724.08,3724.08,3724.08,3724.08,3724.08,3724.08,3724.08,3724.08,3724.08,3724.08,3724.08,3724.08,3724.08
NHANES_1000_9.csv,9,1.1566,100.00,3402.71,3402.71,11.42,0.01,25.75,4.00,0.100000,187.60,44.20,120.80,43.60,120.80,167.40,140.40,85.60,89.60,obj,3404.16,3402.93,3402.72,3402.71,3402.71,3402.71,3402.71,3402.71,3402.71,3402.71,3402.71,3402.71,3402.71,3402.71,3402.71,3402.71,3402.71,3402.71,3402.71,3402.71,3402.71,3402.71,3402.71,3402.71,3402.71,3402.71,3402.71,3402.71,3402.71,3402.71,3402.71,3402.71,3402.71,3402.71,3402.71,3402.71,3402.71,3402.71,3402.71,3402.71,3402.71,3402.71,3402.71,3402.71,3402.71,3402.71,3402.71,3402.71,3402.71,3402.71,3402.71,3402.71,3402.71,3402.71,3402.71,3402.71,3402.71,3402.71,3402.71,3402.71,3402.71,3402.71,3402.71,3402.71,3402.71,3402.71,3402.71,3402.71,3402.71,3402.71,3402.71,3402.71,3402.71,3402.71,3402.71,3402.71,3402.71,3402.71,3402.71,3402.71,3402.71,3402.71,3402.71,3402.71,3402.71,3402.71,3402.71,3402.71,3402.71,3402.71,3402.71,3402.71,3402.71,3402.71,3402.71,3402.71,3402.71,3402.71,3402.71,3402.71
NHANES_1000_10.csv,10,1.2732,100.00,3036.51,3036.51,11.42,0.01,152.26,4.00,0.100000,265.20,96.80,50.20,111.20,85.80,113.40,61.20,57.20,109.40,49.60,obj,3160.75,3145.83,3141.35,3129.89,3050.00,3036.88,3036.54,3036.51,3036.51,3036.51,3036.51,3036.51,3036.51,3036.51,3036.51,3036.51,3036.51,3036.51,3036.51,3036.51,3036.51,3036.51,3036.51,3036.51,3036.51,3036.51,3036.51,3036.51,3036.51,3036.51,3036.51,3036.51,3036.51,3036.51,3036.51,3036.51,3036.51,3036.51,3036.51,3036.51,3036.51,3036.51,3036.51,3036.51,3036.51,3036.51,3036.51,3036.51,3036.51,3036.51,3036.51,3036.51,3036.51,3036.51,3036.51,3036.51,3036.51,3036.51,3036.51,3036.51,3036.51,3036.51,3036.51,3036.51,3036.51,3036.51,3036.51,3036.51,3036.51,3036.51,3036.51,3036.51,3036.51,3036.51,3036.51,3036.51,3036.51,3036.51,3036.51,3036.51,3036.51,3036.51,3036.51,3036.51,3036.51,3036.51,3036.51,3036.51,3036.51,3036.51,3036.51,3036.51,3036.51,3036.51,3036.51,3036.51,3036.51,3036.51,3036.51,3036.51
