Lloyd,athlete,3,31302.2,694.21
Lloyd,athlete,4,27732.19,1258.38
Lloyd,athlete,5,20017.11,876.67
Lloyd,athlete,6,17382.71,651.96
Lloyd,athlete,7,16191.78,504.35
Lloyd,athlete,8,14861.15,532.85
Lloyd,athlete,9,14086.11,493.11
Lloyd,athlete,10,13056.32,422.32
Lloyd,census,3,37024.7,1103.15
Lloyd,census,4,33043.34,1037.28
Lloyd,census,5,24380.47,1397.3
Lloyd,census,6,29137.02,998.12
Lloyd,census,7,20387.14,955.27
Lloyd,census,8,18402.66,932.91
Lloyd,census,9,17346.14,744.82
Lloyd,census,10,16487.29,554.03
Lloyd,Spanish,3,21324.04,851.78
Lloyd,Spanish,4,16078.2,1043.64
Lloyd,Spanish,5,14124.37,751.99
Lloyd,Spanish,6,12813.53,575.86
Lloyd,Spanish,7,10963,603.86
Lloyd,Spanish,8,9999.01,673.28
Lloyd,Spanish,9,9449.64,351.42
Lloyd,Spanish,10,9555.6,317.42
Lloyd,YearPredictionMSD,3,815872.82,3334.05
Lloyd,YearPredictionMSD,4,792401.97,2473.56
Lloyd,YearPredictionMSD,5,772856.56,1826.37
Lloyd,YearPredictionMSD,6,753974.8,1614.05
Lloyd,YearPredictionMSD,7,743252.56,1503.88
Lloyd,YearPredictionMSD,8,732021.13,1270.59
Lloyd,YearPredictionMSD,9,723805.02,1097.64
Lloyd,YearPredictionMSD,10,715319.36,1026.49
CDKM,athlete,3,31302.2,2091.93
CDKM,athlete,4,27732.16,1994.72
CDKM,athlete,5,20639.27,1452.71
CDKM,athlete,6,17382.48,1354.07
CDKM,athlete,7,16191.65,1190.68
CDKM,athlete,8,15241.89,1001.01
CDKM,athlete,9,14525.54,548.17
CDKM,athlete,10,13733.18,374.77
CDKM,census,3,37024.55,968.07
CDKM,census,4,33043.72,958.97
CDKM,census,5,24380.44,1307.08
CDKM,census,6,21905.45,1111.42
CDKM,census,7,20168.29,1001.48
CDKM,census,8,18402.66,895.84
CDKM,census,9,18154.9,623.8
CDKM,census,10,16948.03,763.59
CDKM,Spanish,3,17765.09,1546.08
CDKM,Spanish,4,16069.19,1021.39
CDKM,Spanish,5,14360.07,718.23
CDKM,Spanish,6,13252.84,655.86
CDKM,Spanish,7,11848.83,464.5
CDKM,Spanish,8,8609.78,506.98
CDKM,Spanish,9,9773.16,399.19
CDKM,Spanish,10,9416.64,336.18
CDKM,YearPredictionMSD,3,815846.79,3294.26
CDKM,YearPredictionMSD,4,792193.82,2246.71
CDKM,YearPredictionMSD,5,769327.64,1873.21
CDKM,YearPredictionMSD,6,752819.47,1719.4
CDKM,YearPredictionMSD,7,743058.45,1531.22
CDKM,YearPredictionMSD,8,730945.92,1329.19
CDKM,YearPredictionMSD,9,723816.05,1123.18
CDKM,YearPredictionMSD,10,715566.46,937.92
BCLS,athlete,3,39154.34,106.12
BCLS,athlete,4,39984.94,39.98
BCLS,athlete,5,38956.11,56.38
BCLS,athlete,6,39899.39,71.67
BCLS,athlete,7,39821.83,97.16
BCLS,athlete,8,39965.75,35.8
BCLS,athlete,9,39957.69,34.8
BCLS,athlete,10,39947.76,33.33
BCLS,census,3,39221.09,133.56
BCLS,census,4,39910.76,56.24
BCLS,census,5,39891.52,96.72
BCLS,census,6,39891.38,83.9
BCLS,census,7,39886.28,64.71
BCLS,census,8,39974.25,36.66
BCLS,census,9,39969,35.33
BCLS,census,10,39963.34,33.33
BCLS,Spanish,3,22062.35,454.7
BCLS,Spanish,4,23607.99,50.81
BCLS,Spanish,5,23610.8,44
BCLS,Spanish,6,22968.04,85.98
BCLS,Spanish,7,22850.6,71.28
BCLS,Spanish,8,23564.18,41.03
BCLS,Spanish,9,23677.01,18.81
BCLS,Spanish,10,23462.95,32.99
BCLS,YearPredictionMSD,3,899734.28,29.58
BCLS,YearPredictionMSD,4,899551.66,31.42
BCLS,YearPredictionMSD,5,899376.01,29.55
BCLS,YearPredictionMSD,6,899433.82,29.98
BCLS,YearPredictionMSD,7,899311.16,27.67
BCLS,YearPredictionMSD,8,899360.62,32.02
BCLS,YearPredictionMSD,9,899290.63,34.86
BCLS,YearPredictionMSD,10,899036.68,28.2
BFKM,athlete,3,30530.7916,1630.8361
BFKM,athlete,4,23416.5085,613.6106
BFKM,athlete,5,20687.4689,457.0312
BFKM,athlete,6,18771.0476,825.8113
BFKM,athlete,7,16211.3888,542.833
BFKM,athlete,8,15099.3258,349.6133
BFKM,athlete,9,14177.7717,230.4135
BFKM,athlete,10,13416.2227,152.2476
BFKM,census,3,37033.4409,640.6757
BFKM,census,4,33079.6609,644.3327
BFKM,census,5,30531.6954,660.1988
BFKM,census,6,28655.5081,533.2807
BFKM,census,7,27347.6245,495.4566
BFKM,census,8,25798.2984,340.9767
BFKM,census,9,22954.483,377.2978
BFKM,census,10,22157.6694,309.7074
BFKM,Spanish,3,20684.8337,340.2293
BFKM,Spanish,4,18762.3413,436.0524
BFKM,Spanish,5,18113.6066,162.9331
BFKM,Spanish,6,15382.0544,225.6271
BFKM,Spanish,7,14625.3277,158.5181
BFKM,Spanish,8,13755.5288,123.0537
BFKM,Spanish,9,13668.003,91.0481
BFKM,Spanish,10,13174.7433,72.7999
BFKM,YearPredictionMSD,3,815909.9812,3157.6115
BFKM,YearPredictionMSD,4,792647.815,1932.7706
BFKM,YearPredictionMSD,5,773950.7072,1587.8602
BFKM,YearPredictionMSD,6,760394.9164,1266.8734
BFKM,YearPredictionMSD,7,750451.652,1128.3963
BFKM,YearPredictionMSD,8,743305.4715,872.3731
BFKM,YearPredictionMSD,9,735360.8124,757.5763
BFKM,YearPredictionMSD,10,730419.369,548.1889
FCE,athlete,3,30306.7941,1.1547
FCE,athlete,4,39988.7771,0
FCE,athlete,5,39997.4136,0
FCE,athlete,6,25517.6499,1.0328
FCE,athlete,7,26230.3896,0.9759
FCE,athlete,8,39958.812,0
FCE,athlete,9,23891.4694,0.928
FCE,athlete,10,39973.9365,0
FCE,census,3,35329.4097,1.1547
FCE,census,4,39986.5124,0
FCE,census,5,39981.9553,0
FCE,census,6,33656.3348,1.0328
FCE,census,7,33139.571,0.9759
FCE,census,8,39966.4092,0
FCE,census,9,28929.4923,1.0541
FCE,census,10,39972.0092,0
FCE,Spanish,3,18980.6109,0
FCE,Spanish,4,15756.0601,1
FCE,Spanish,5,13341.608,1.0954
FCE,Spanish,6,13246.9643,0.8944
FCE,Spanish,7,18961.1996,0
FCE,Spanish,8,13680.0595,1.0351
FCE,Spanish,9,13258.6773,1
FCE,Spanish,10,15813.0844,0.9661
FCE,YearPredictionMSD,3,873369.4779,1.1547
FCE,YearPredictionMSD,4,899690.0394,0
FCE,YearPredictionMSD,5,899492.9503,0
FCE,YearPredictionMSD,6,870480.6694,1.0328
FCE,YearPredictionMSD,7,867699.4387,0.9759
FCE,YearPredictionMSD,8,899425.0178,0
FCE,YearPredictionMSD,9,853117.1592,1.0541
FCE,YearPredictionMSD,10,899118.7847,0
VFLC,athlete,3,42162.82,2332.94
VFLC,athlete,4,30162.84,2140.83
VFLC,athlete,5,30541.06,987.2
VFLC,athlete,6,33384.35,1815.63
VFLC,athlete,7,23091.5,1030.36
VFLC,athlete,8,30640.6,1543.96
VFLC,athlete,9,20977.54,1026.21
VFLC,athlete,10,25049.29,949.09
VFLC,census,3,46274.27,6011.45
VFLC,census,4,47507.02,4373.32
VFLC,census,5,44933.65,2500.18
VFLC,census,6,42244.9,2305.99
VFLC,census,7,49497.05,2257
VFLC,census,8,38839.17,1658.77
VFLC,census,9,44109.58,1721.5
VFLC,census,10,42587.29,1651.5
VFLC,Spanish,3,22359.46,3757.41
VFLC,Spanish,4,21410.8,3125.75
VFLC,Spanish,5,20651.11,2738.7
VFLC,Spanish,6,21449.15,2455.83
VFLC,Spanish,7,21290.43,1850.46
VFLC,Spanish,8,19990.82,1729.65
VFLC,Spanish,9,18840.1,1575.48
VFLC,Spanish,10,19236.13,1481.16
VFLC,YearPredictionMSD,3,849140.56,3456.04
VFLC,YearPredictionMSD,4,852439.49,3952.93
VFLC,YearPredictionMSD,5,902808.2,4492.18
VFLC,YearPredictionMSD,6,836606.86,1592.28
VFLC,YearPredictionMSD,7,814118.23,1696.49
VFLC,YearPredictionMSD,8,853961.39,2387.86
VFLC,YearPredictionMSD,9,820975.08,2190.44
VFLC,YearPredictionMSD,10,813201.2,1694.84
DPFMPS-BasicEst,athlete,3,62390.44009,4727.183552
DPFMPS-BasicEst,athlete,4,60018.54496,3635.018845
DPFMPS-BasicEst,athlete,5,49590.7197,2155.298471
DPFMPS-BasicEst,athlete,6,39914.73795,1919.205843
DPFMPS-BasicEst,athlete,7,37832.80502,2391.443417
DPFMPS-BasicEst,athlete,8,41436.3708,1266.943228
DPFMPS-BasicEst,athlete,9,30081.64536,1453.262145
DPFMPS-BasicEst,athlete,10,38323.77237,1015.74986
DPFMPS-BasicEst,census,3,58519.05917,4271.507267
DPFMPS-BasicEst,census,4,53029.26051,3056.600181
DPFMPS-BasicEst,census,5,52369.28929,3567.166733
DPFMPS-BasicEst,census,6,51741.77844,3308.954498
DPFMPS-BasicEst,census,7,41422.79491,2402.289801
DPFMPS-BasicEst,census,8,42250.05364,1530.876033
DPFMPS-BasicEst,census,9,42541.06695,2025.440659
DPFMPS-BasicEst,census,10,39334.9196,1781.760241
DPFMPS-BasicEst,Spanish,3,238007.0186,2728.848292
DPFMPS-BasicEst,Spanish,4,48677.47955,2359.002261
DPFMPS-BasicEst,Spanish,5,48950.81569,2110.740202
DPFMPS-BasicEst,Spanish,6,30812.59905,1870.994281
DPFMPS-BasicEst,Spanish,7,30553.82508,1733.521849
DPFMPS-BasicEst,Spanish,8,34883.25062,1646.979291
DPFMPS-BasicEst,Spanish,9,17604.00397,1522.322075
DPFMPS-BasicEst,Spanish,10,17597.48101,1444.556926
DPFMPS-BasicEst,YearPredictionMSD,3,940367.777,5738.868733
DPFMPS-BasicEst,YearPredictionMSD,4,929622.3975,4420.097812
DPFMPS-BasicEst,YearPredictionMSD,5,904765.5234,3954.45287
DPFMPS-BasicEst,YearPredictionMSD,6,888537.4674,3002.344861
DPFMPS-BasicEst,YearPredictionMSD,7,892145.9908,3060.512313
DPFMPS-BasicEst,YearPredictionMSD,8,866375.6794,2158.07573
DPFMPS-BasicEst,YearPredictionMSD,9,884435.8633,2708.478976
DPFMPS-BasicEst,YearPredictionMSD,10,864462.2527,2048.594586
DPFMPS-2PEst,athlete,3,34946.06607,3056.693857
DPFMPS-2PEst,athlete,4,32316.81096,1765.05354
DPFMPS-2PEst,athlete,5,27370.37756,1565.859987
DPFMPS-2PEst,athlete,6,26214.14545,1591.683972
DPFMPS-2PEst,athlete,7,24529.50343,1258.822579
DPFMPS-2PEst,athlete,8,19806.14524,685.0516143
DPFMPS-2PEst,athlete,9,17271.13688,537.333566
DPFMPS-2PEst,athlete,10,16317.25316,456.0165689
DPFMPS-2PEst,census,3,40393.65577,5269.522401
DPFMPS-2PEst,census,4,35191.6095,3776.630067
DPFMPS-2PEst,census,5,32135.47165,2153.181251
DPFMPS-2PEst,census,6,27211.34484,1414.590494
DPFMPS-2PEst,census,7,28256.2277,1839.513147
DPFMPS-2PEst,census,8,26105.26098,1618.009271
DPFMPS-2PEst,census,9,23976.80616,1291.443615
DPFMPS-2PEst,census,10,24125.32903,1234.763315
DPFMPS-2PEst,Spanish,3,43077.21544,2727.982954
DPFMPS-2PEst,Spanish,4,21049.9027,2315.909109
DPFMPS-2PEst,Spanish,5,21162.26507,2074.59049
DPFMPS-2PEst,Spanish,6,20476.10494,1895.09567
DPFMPS-2PEst,Spanish,7,17776.63549,1722.280852
DPFMPS-2PEst,Spanish,8,17570.92947,1141.070519
DPFMPS-2PEst,Spanish,9,13740.70153,1006.432064
DPFMPS-2PEst,Spanish,10,13251.68033,960.2254596
DPFMPS-2PEst,YearPredictionMSD,3,898789.3181,5667.080583
DPFMPS-2PEst,YearPredictionMSD,4,904126.5159,4942.018076
DPFMPS-2PEst,YearPredictionMSD,5,850380.7431,3551.680729
DPFMPS-2PEst,YearPredictionMSD,6,849253.6526,2968.789428
DPFMPS-2PEst,YearPredictionMSD,7,836525.6716,2146.274901
DPFMPS-2PEst,YearPredictionMSD,8,828652.0622,2064.140707
DPFMPS-2PEst,YearPredictionMSD,9,828936.9597,1968.227848
DPFMPS-2PEst,YearPredictionMSD,10,809064.6027,1911.671287
Fabric,athlete,3,31531.51,3.23
Fabric,athlete,4,25940.71,6.84
Fabric,athlete,5,22189.64,5.54
Fabric,athlete,6,18447.43,3.12
Fabric,athlete,7,17655.63,3.42
Fabric,athlete,8,17180.72,1.99
Fabric,athlete,9,16037.22,2.65
Fabric,athlete,10,14893.22,1.8
Fabric,census,3,37225.29,1.7
Fabric,census,4,33455.43,1.87
Fabric,census,5,31048.8,1.73
Fabric,census,6,29505.3,1.79
Fabric,census,7,28096.24,1.73
Fabric,census,8,26723.46,2.65
Fabric,census,9,25534.92,1.8
Fabric,census,10,24450.01,1.7
Fabric,Spanish,3,20979.08,1.87
Fabric,Spanish,4,19402.94,1.73
Fabric,Spanish,5,18255.26,1.79
Fabric,Spanish,6,17106.45,1.73
Fabric,Spanish,7,15879.38,1.73
Fabric,Spanish,8,16059.97,0.96
Fabric,Spanish,9,14785.54,2.83
Fabric,Spanish,10,14305.49,0.84
Fabric,YearPredictionMSD,3,829520.13,4.37
Fabric,YearPredictionMSD,4,810490.2,1.75
Fabric,YearPredictionMSD,5,796662.85,1.66
Fabric,YearPredictionMSD,6,784810.03,1.56
Fabric,YearPredictionMSD,7,774417.35,2.9
Fabric,YearPredictionMSD,8,765681.51,1.24
Fabric,YearPredictionMSD,9,758705.07,1.64
Fabric,YearPredictionMSD,10,751663.94,1.89
Fabric-DP,athlete,3,36121.37,0.96
Fabric-DP,athlete,4,34968.45,2.83
Fabric-DP,athlete,5,33545.56,0.84
Fabric-DP,athlete,6,33543.43,4.37
Fabric-DP,athlete,7,31459.19,0.96
Fabric-DP,athlete,8,30877.48,2.83
Fabric-DP,athlete,9,32370.39,0.84
Fabric-DP,athlete,10,30227.23,4.37
Fabric-DP,census,3,40402.72,20.53
Fabric-DP,census,4,38533.1,16.72
Fabric-DP,census,5,38615.2,15.66
Fabric-DP,census,6,38109.63,11.85
Fabric-DP,census,7,37820.79,14.41
Fabric-DP,census,8,37110.63,14.31
Fabric-DP,census,9,37234.93,17.94
Fabric-DP,census,10,37327.22,5.37
Fabric-DP,Spanish,3,23007.16,12.12
Fabric-DP,Spanish,4,22218.94,8.1
Fabric-DP,Spanish,5,21869.96,18.26
Fabric-DP,Spanish,6,21857.62,10.97
Fabric-DP,Spanish,7,21816.43,15.06
Fabric-DP,Spanish,8,21166.75,16.74
Fabric-DP,Spanish,9,21465.46,13.53
Fabric-DP,Spanish,10,21174.25,19.85
Fabric-DP,YearPredictionMSD,3,863311.64,38.93
Fabric-DP,YearPredictionMSD,4,848541.09,37.79
Fabric-DP,YearPredictionMSD,5,847335.1,29.84
Fabric-DP,YearPredictionMSD,6,844372.2,25.61
Fabric-DP,YearPredictionMSD,7,848866.96,18.92
Fabric-DP,YearPredictionMSD,8,845096.42,21.34
Fabric-DP,YearPredictionMSD,9,842331.8,18.98
Fabric-DP,YearPredictionMSD,10,839438.46,21.18
